venue,core_year,level,article_year_start,article_year_end,in_current_2026_corpus,needs_dblp_extraction
AID,2008,A,2008,2012,False,True
AIED,2008,A,2008,2012,True,False
AIIM,2008,A,2008,2012,False,True
AIME,2008,A,2008,2012,False,True
ALENEX,2008,A,2008,2012,True,False
ALIFE,2008,A,2008,2012,False,True
AMIA,2008,A,2008,2012,False,True
AOSD,2008,A,2008,2012,False,True
APPROX/RANDOM,2008,A,2008,2012,True,False
ASAP,2008,A,2008,2012,False,True
ASE,2008,A,2008,2012,True,False
ASIACRYPT,2008,A,2008,2012,True,False
ASIS&T,2008,A,2008,2012,False,True
ATVA,2008,A,2008,2012,False,True
AVSS,2008,A,2008,2012,False,True
Ada-Europe,2008,A,2008,2012,False,True
AiML,2008,A,2008,2012,False,True
BMVC,2008,A,2008,2012,True,False
BPM,2008,A,2008,2012,True,False
CADE,2008,A,2008,2012,True,False
CAIP,2008,A,2008,2012,False,True
CASES,2008,A,2008,2012,False,True
CBSE,2008,A,2008,2012,False,True
CC,2008,A,2008,2012,False,True
CCGRID,2008,A,2008,2012,False,True
CDC,2008,A,2008,2012,False,True
CEC,2008,A,2008,2012,False,True
CGI,2008,A,2008,2012,False,True
CGO,2008,A,2008,2012,True,False
CIDR,2008,A,2008,2012,True,False
CIKM,2008,A,2008,2012,True,False
CLUSTER,2008,A,2008,2012,False,True
COCOON,2008,A,2008,2012,False,True
COLING,2008,A,2008,2012,False,True
CONCUR,2008,A,2008,2012,False,True
CP,2008,A,2008,2012,True,False
CPAIOR,2008,A,2008,2012,False,True
CSB,2008,A,2008,2012,False,True
CSCW,2008,A,2008,2012,True,False
CSFW,2008,A,2008,2012,False,True
CVPR,2008,A,2008,2012,True,False
CaiSE,2008,A,2008,2012,True,False
CoNLL,2008,A,2008,2012,False,True
CogSci,2008,A,2008,2012,False,True
CoopIS,2008,A,2008,2012,False,True
Coordination,2008,A,2008,2012,False,True
DAC,2008,A,2008,2012,True,False
DAS,2008,A,2008,2012,False,True
DATE,2008,A,2008,2012,True,False
DBSEC,2008,A,2008,2012,False,True
DEXA,2008,A,2008,2012,False,True
DIGRA,2008,A,2008,2012,False,True
DIS,2008,A,2008,2012,True,False
DISC,2008,A,2008,2012,True,False
DOOD,2008,A,2008,2012,False,True
DUX,2008,A,2008,2012,False,True
DocEng,2008,A,2008,2012,False,True
EAAI,2008,A,2008,2012,False,True
EACL,2008,A,2008,2012,True,False
EASE,2008,A,2008,2012,True,False
EC,2008,A,2008,2012,True,False
ECAI,2008,A,2008,2012,True,False
ECCV,2008,A,2008,2012,True,False
ECIS,2008,A,2008,2012,False,True
ECML,2008,A,2008,2012,False,True
ECML PKDD,2008,A,2008,2012,True,False
ECOOP,2008,A,2008,2012,True,False
ECRTS,2008,A,2008,2012,False,True
ECSCW,2008,A,2008,2012,False,True
ECWeb,2008,A,2008,2012,False,True
EDBT,2008,A,2008,2012,False,True
EKAW,2008,A,2008,2012,False,True
EMMSAD,2008,A,2008,2012,False,True
EMNLP,2008,A,2008,2012,True,False
EMSOFT,2008,A,2008,2012,False,True
ESA,2008,A,2008,2012,True,False
ESEM,2008,A,2008,2012,True,False
ESOP,2008,A,2008,2012,True,False
ESORICS,2008,A,2008,2012,True,False
ESQARU,2008,A,2008,2012,False,True
ESWC,2008,A,2008,2012,False,True
EUROGRAPH,2008,A,2008,2012,False,True
EWSN,2008,A,2008,2012,False,True
EuroCOLT,2008,A,2008,2012,False,True
EuroMPI,2008,A,2008,2012,False,True
EuroPar,2008,A,2008,2012,False,True
EuroSPI,2008,A,2008,2012,False,True
EuroSys,2008,A,2008,2012,True,False
FCCM,2008,A,2008,2012,False,True
FLOPS,2008,A,2008,2012,False,True
FM,2008,A,2008,2012,False,True
FODO,2008,A,2008,2012,False,True
FORTE,2008,A,2008,2012,False,True
FPSAC,2008,A,2008,2012,False,True
FSE,2008,A,2008,2012,True,False
FSR,2008,A,2008,2012,False,True
FST&TCS,2008,A,2008,2012,False,True
FUZZ-IEEE,2008,A,2008,2012,False,True
GD,2008,A,2008,2012,True,False
GRID,2008,A,2008,2012,False,True
Group,2008,A,2008,2012,False,True
HOTCHIPS (HCS),2008,A,2008,2012,False,True
HOTNETS,2008,A,2008,2012,False,True
HPDC,2008,A,2008,2012,True,False
HiPC,2008,A,2008,2012,False,True
HotOS,2008,A,2008,2012,True,False
Hypertext,2008,A,2008,2012,False,True
ICADL,2008,A,2008,2012,False,True
ICALP,2008,A,2008,2012,True,False
ICALT,2008,A,2008,2012,False,True
ICARCV,2008,A,2008,2012,False,True
ICC,2008,A,2008,2012,False,True
ICCAD,2008,A,2008,2012,True,False
ICCCN,2008,A,2008,2012,False,True
ICCL,2008,A,2008,2012,False,True
ICCS,2008,A,2008,2012,False,True
ICDAR,2008,A,2008,2012,True,False
ICDCS,2008,A,2008,2012,True,False
ICDT,2008,A,2008,2012,True,False
ICECCS,2008,A,2008,2012,False,True
ICER,2008,A,2008,2012,True,False
ICIAP,2008,A,2008,2012,False,True
ICIP,2008,A,2008,2012,False,True
ICLP,2008,A,2008,2012,False,True
ICMAS,2008,A,2008,2012,False,True
ICMCS,2008,A,2008,2012,False,True
ICMR,2008,A,2008,2012,False,True
ICNN,2008,A,2008,2012,False,True
ICNP,2008,A,2008,2012,False,True
ICONIP,2008,A,2008,2012,False,True
ICPP,2008,A,2008,2012,False,True
ICPR,2008,A,2008,2012,False,True
ICS,2008,A,2008,2012,True,False
ICSA,2008,A,2008,2012,True,False
ICSC2,2008,A,2008,2012,False,True
ICSME,2008,A,2008,2012,True,False
ICSOC,2008,A,2008,2012,True,False
ICSPC,2008,A,2008,2012,False,True
ICSR,2008,A,2008,2012,False,True
ICSSP,2008,A,2008,2012,False,True
ICTL,2008,A,2008,2012,False,True
IDA,2008,A,2008,2012,False,True
IEEE Alife,2008,A,2008,2012,False,True
IEEE SSE,2008,A,2008,2012,False,True
IEEETKDE,2008,A,2008,2012,False,True
IJCNLP,2008,A,2008,2012,False,True
IJCNN,2008,A,2008,2012,False,True
ILPS,2008,A,2008,2012,False,True
IM,2008,A,2008,2012,False,True
IMC,2008,A,2008,2012,True,False
IPCO,2008,A,2008,2012,False,True
IPDPS,2008,A,2008,2012,True,False
ISAAC,2008,A,2008,2012,False,True
ISD,2008,A,2008,2012,False,True
ISESE,2008,A,2008,2012,False,True
ISMB,2008,A,2008,2012,True,False
ISR,2008,A,2008,2012,False,True
ISRR,2008,A,2008,2012,False,True
ISSCC,2008,A,2008,2012,False,True
ISSRE,2008,A,2008,2012,True,False
ISSTA,2008,A,2008,2012,True,False
ISTA,2008,A,2008,2012,False,True
ISTCS,2008,A,2008,2012,False,True
ITS,2008,A,2008,2012,False,True
ITiCSE,2008,A,2008,2012,False,True
IUI,2008,A,2008,2012,True,False
IVCNZ,2008,A,2008,2012,False,True
Interact,2008,A,2008,2012,False,True
Interspeech,2008,A,2008,2012,True,False
JELIA,2008,A,2008,2012,False,True
K-CAP,2008,A,2008,2012,False,True
LCN,2008,A,2008,2012,False,True
LCTES,2008,A,2008,2012,False,True
LPAR,2008,A,2008,2012,False,True
LPNMR,2008,A,2008,2012,False,True
MASCOTS,2008,A,2008,2012,False,True
MASS,2008,A,2008,2012,False,True
MATES ENASE,2008,A,2008,2012,False,True
MICRO,2008,A,2008,2012,True,False
MMCN,2008,A,2008,2012,False,True
MMSP,2008,A,2008,2012,False,True
MOBIHOC,2008,A,2008,2012,False,True
MODELS,2008,A,2008,2012,True,False
MSWIM,2008,A,2008,2012,True,False
MassPar,2008,A,2008,2012,False,True
Middleware,2008,A,2008,2012,True,False
MobileHCI,2008,A,2008,2012,False,True
Mobiquitous,2008,A,2008,2012,False,True
Mobisys,2008,A,2008,2012,True,False
NAACL,2008,A,2008,2012,True,False
NDSS,2008,A,2008,2012,True,False
NOSSDAV,2008,A,2008,2012,False,True
NSDI,2008,A,2008,2012,False,True
NetStore,2008,A,2008,2012,False,True
Networking,2008,A,2008,2012,False,True
OPENARCH,2008,A,2008,2012,False,True
P2P,2008,A,2008,2012,False,True
PACT,2008,A,2008,2012,False,True
PADL,2008,A,2008,2012,False,True
PADS,2008,A,2008,2012,False,True
PAKDD,2008,A,2008,2012,False,True
PDC,2008,A,2008,2012,False,True
PEPM,2008,A,2008,2012,False,True
PERFORMANCE,2008,A,2008,2012,False,True
PG,2008,A,2008,2012,False,True
PPSN,2008,A,2008,2012,True,False
PPoPP,2008,A,2008,2012,False,True
PRO-VE,2008,A,2008,2012,False,True
PT,2008,A,2008,2012,False,True
QRS,2008,A,2008,2012,False,True
QoSA,2008,A,2008,2012,False,True
RAID,2008,A,2008,2012,True,False
RANDOM,2008,A,2008,2012,False,True
RE,2008,A,2008,2012,True,False
RECOMB,2008,A,2008,2012,False,True
RTA,2008,A,2008,2012,False,True
RTAS,2008,A,2008,2012,True,False
RoboCup,2008,A,2008,2012,False,True
SARA,2008,A,2008,2012,False,True
SAS,2008,A,2008,2012,False,True
SAT,2008,A,2008,2012,True,False
SC,2008,A,2008,2012,True,False
SCA,2008,A,2008,2012,False,True
SCOPES,2008,A,2008,2012,False,True
SDM,2008,A,2008,2012,True,False
SDSDI,2008,A,2008,2012,False,True
SIGCSE,2008,A,2008,2012,True,False
SMS,2008,A,2008,2012,False,True
SP,2008,A,2008,2012,True,False
SPAA,2008,A,2008,2012,False,True
SPICE,2008,A,2008,2012,False,True
SRDS,2008,A,2008,2012,False,True
SSDBM,2008,A,2008,2012,False,True
SSPR,2008,A,2008,2012,False,True
SSR,2008,A,2008,2012,False,True
SSTD,2008,A,2008,2012,False,True
STACS,2008,A,2008,2012,True,False
SWAT,2008,A,2008,2012,False,True
SoCG,2008,A,2008,2012,True,False
TABLEAUX,2008,A,2008,2012,False,True
TACAS,2008,A,2008,2012,True,False
TARK,2008,A,2008,2012,False,True
TIME,2008,A,2008,2012,False,True
TPDL,2008,A,2008,2012,False,True
TREC,2008,A,2008,2012,False,True
UIST,2008,A,2008,2012,True,False
USENIX,2008,A,2008,2012,True,False
USITS,2008,A,2008,2012,False,True
VCIP,2008,A,2008,2012,False,True
VL/HCC,2008,A,2008,2012,False,True
VLSI,2008,A,2008,2012,False,True
VMCAI,2008,A,2008,2012,False,True
WACV,2008,A,2008,2012,True,False
WADS,2008,A,2008,2012,False,True
WISE,2008,A,2008,2012,False,True
WoWMoM,2008,A,2008,2012,False,True
e-Science,2008,A,2008,2012,False,True
AAAI,2008,A*,2008,2012,True,False
AAMAS,2008,A*,2008,2012,True,False
ACL,2008,A*,2008,2012,True,False
ACMMM,2008,A*,2008,2012,True,False
ASPLOS,2008,A*,2008,2012,True,False
CAV,2008,A*,2008,2012,True,False
CCS,2008,A*,2008,2012,True,False
CHI,2008,A*,2008,2012,True,False
COLT,2008,A*,2008,2012,True,False
CRYPTO,2008,A*,2008,2012,True,False
CSCL,2008,A*,2008,2012,False,True
DCC,2008,A*,2008,2012,False,True
DSN,2008,A*,2008,2012,True,False
EuroCrypt,2008,A*,2008,2012,True,False
FOCS,2008,A*,2008,2012,True,False
FOGA,2008,A*,2008,2012,True,False
HPCA,2008,A*,2008,2012,True,False
I3DG,2008,A*,2008,2012,False,True
ICAPS,2008,A*,2008,2012,True,False
ICCV,2008,A*,2008,2012,True,False
ICDE,2008,A*,2008,2012,True,False
ICDM,2008,A*,2008,2012,True,False
ICFP,2008,A*,2008,2012,True,False
ICIS,2008,A*,2008,2012,False,True
ICML,2008,A*,2008,2012,True,False
ICSE,2008,A*,2008,2012,True,False
IEEE InfoVis,2008,A*,2008,2012,False,True
IJCAI,2008,A*,2008,2012,True,False
IJCAR,2008,A*,2008,2012,True,False
INFOCOM,2008,A*,2008,2012,True,False
IPSN,2008,A*,2008,2012,False,True
ISCA,2008,A*,2008,2012,True,False
ISMAR,2008,A*,2008,2012,True,False
ISSAC,2008,A*,2008,2012,False,True
ISWC,2008,A*,2008,2012,True,False
IWQoS,2008,A*,2008,2012,False,True
JCDL,2008,A*,2008,2012,False,True
KDD,2008,A*,2008,2012,True,False
KR,2008,A*,2008,2012,True,False
LICS,2008,A*,2008,2012,True,False
MOBICOM,2008,A*,2008,2012,True,False
NeurIPS,2008,A*,2008,2012,True,False
OOPSLA,2008,A*,2008,2012,True,False
OSDI,2008,A*,2008,2012,True,False
PERCOM,2008,A*,2008,2012,True,False
PERVASIVE,2008,A*,2008,2012,False,True
PLDI,2008,A*,2008,2012,True,False
PODC,2008,A*,2008,2012,True,False
PODS,2008,A*,2008,2012,True,False
POPL,2008,A*,2008,2012,True,False
RSS,2008,A*,2008,2012,False,True
RTSS,2008,A*,2008,2012,True,False
SENSYS,2008,A*,2008,2012,False,True
SIGCOMM,2008,A*,2008,2012,True,False
SIGGRAPH,2008,A*,2008,2012,True,False
SIGIR,2008,A*,2008,2012,True,False
SIGMETRICS,2008,A*,2008,2012,True,False
SIGMOD,2008,A*,2008,2012,True,False
SODA,2008,A*,2008,2012,True,False
SOSP,2008,A*,2008,2012,True,False
STOC,2008,A*,2008,2012,True,False
UAI,2008,A*,2008,2012,True,False
UbiComp,2008,A*,2008,2012,False,True
VLDB,2008,A*,2008,2012,True,False
WWW,2008,A*,2008,2012,True,False
ACSAC,2013,A,2013,2013,True,False
AID,2013,A,2013,2013,False,True
AIED,2013,A,2013,2013,True,False
AIIM,2013,A,2013,2013,False,True
AIME,2013,A,2013,2013,False,True
ALENEX,2013,A,2013,2013,True,False
ALIFE,2013,A,2013,2013,False,True
ALT,2013,A,2013,2013,False,True
AMCIS,2013,A,2013,2013,False,True
AMIA,2013,A,2013,2013,False,True
AOSD,2013,A,2013,2013,False,True
APCOMin,2013,A,2013,2013,False,True
APPROX/RANDOM,2013,A,2013,2013,True,False
ASAP,2013,A,2013,2013,False,True
ASE,2013,A,2013,2013,True,False
ASIACRYPT,2013,A,2013,2013,True,False
ATVA,2013,A,2013,2013,False,True
Ada-Europe,2013,A,2013,2013,False,True
AiML,2013,A,2013,2013,False,True
BPM,2013,A,2013,2013,True,False
CADE,2013,A,2013,2013,True,False
CASES,2013,A,2013,2013,False,True
CBSE,2013,A,2013,2013,False,True
CC,2013,A,2013,2013,False,True
CCGRID,2013,A,2013,2013,False,True
CDC,2013,A,2013,2013,False,True
CEC,2013,A,2013,2013,False,True
CGO,2013,A,2013,2013,True,False
CIDR,2013,A,2013,2013,True,False
CIKM,2013,A,2013,2013,True,False
CLUSTER,2013,A,2013,2013,False,True
COCOON,2013,A,2013,2013,False,True
COLING,2013,A,2013,2013,False,True
CONCUR,2013,A,2013,2013,False,True
CP,2013,A,2013,2013,True,False
CSB,2013,A,2013,2013,False,True
CSCW,2013,A,2013,2013,True,False
CSF,2013,A,2013,2013,True,False
CVPR,2013,A,2013,2013,True,False
CaiSE,2013,A,2013,2013,True,False
CoNEXT,2013,A,2013,2013,True,False
CoNLL,2013,A,2013,2013,False,True
CogSci,2013,A,2013,2013,False,True
CoopIS,2013,A,2013,2013,False,True
Coordination,2013,A,2013,2013,False,True
DAC,2013,A,2013,2013,True,False
DBSEC,2013,A,2013,2013,False,True
DESRIST,2013,A,2013,2013,False,True
DISC,2013,A,2013,2013,True,False
DOOD,2013,A,2013,2013,False,True
DocEng,2013,A,2013,2013,False,True
EAAI,2013,A,2013,2013,False,True
EACL,2013,A,2013,2013,True,False
EASE,2013,A,2013,2013,True,False
ECAI,2013,A,2013,2013,True,False
ECCV,2013,A,2013,2013,True,False
ECIS,2013,A,2013,2013,False,True
ECML,2013,A,2013,2013,False,True
ECML PKDD,2013,A,2013,2013,True,False
ECOOP,2013,A,2013,2013,True,False
ECRTS,2013,A,2013,2013,False,True
EDBT,2013,A,2013,2013,False,True
EMNLP,2013,A,2013,2013,True,False
EMSOFT,2013,A,2013,2013,False,True
ER,2013,A,2013,2013,True,False
ESA,2013,A,2013,2013,True,False
ESEM,2013,A,2013,2013,True,False
ESOP,2013,A,2013,2013,True,False
ESORICS,2013,A,2013,2013,True,False
ESQARU,2013,A,2013,2013,False,True
ESWC,2013,A,2013,2013,False,True
EUROGRAPH,2013,A,2013,2013,False,True
EWSN,2013,A,2013,2013,False,True
EuroPar,2013,A,2013,2013,False,True
EuroSys,2013,A,2013,2013,True,False
FAST,2013,A,2013,2013,True,False
FC,2013,A,2013,2013,True,False
FCCM,2013,A,2013,2013,False,True
FCT,2013,A,2013,2013,False,True
FLOPS,2013,A,2013,2013,False,True
FM,2013,A,2013,2013,False,True
FODO,2013,A,2013,2013,False,True
FOIS,2013,A,2013,2013,False,True
FORTE,2013,A,2013,2013,False,True
FSE,2013,A,2013,2013,True,False
FSR,2013,A,2013,2013,False,True
FUZZ-IEEE,2013,A,2013,2013,False,True
GD,2013,A,2013,2013,True,False
GECCO,2013,A,2013,2013,True,False
GRID,2013,A,2013,2013,False,True
HICSS,2013,A,2013,2013,False,True
HOTCHIPS (HCS),2013,A,2013,2013,False,True
HOTNETS,2013,A,2013,2013,False,True
HPDC,2013,A,2013,2013,True,False
HiPC,2013,A,2013,2013,False,True
HotOS,2013,A,2013,2013,True,False
Hypertext,2013,A,2013,2013,False,True
ICADL,2013,A,2013,2013,False,True
ICALP,2013,A,2013,2013,True,False
ICARCV,2013,A,2013,2013,False,True
ICCAD,2013,A,2013,2013,True,False
ICCCN,2013,A,2013,2013,False,True
ICCL,2013,A,2013,2013,False,True
ICCS,2013,A,2013,2013,False,True
ICDAR,2013,A,2013,2013,True,False
ICDCS,2013,A,2013,2013,True,False
ICDT,2013,A,2013,2013,True,False
ICECCS,2013,A,2013,2013,False,True
ICLP,2013,A,2013,2013,False,True
ICMCS,2013,A,2013,2013,False,True
ICNP,2013,A,2013,2013,False,True
ICONIP,2013,A,2013,2013,False,True
ICPP,2013,A,2013,2013,False,True
ICS,2013,A,2013,2013,True,False
ICSA,2013,A,2013,2013,True,False
ICSC2,2013,A,2013,2013,False,True
ICSME,2013,A,2013,2013,True,False
ICSOC,2013,A,2013,2013,True,False
ICSPC,2013,A,2013,2013,False,True
ICSR,2013,A,2013,2013,False,True
ICSSP,2013,A,2013,2013,False,True
ICTL,2013,A,2013,2013,False,True
ICWS,2013,A,2013,2013,True,False
IDA,2013,A,2013,2013,False,True
IEEE Alife,2013,A,2013,2013,False,True
IEEE SSE,2013,A,2013,2013,False,True
IEEE VIS,2013,A,2013,2013,True,False
IEEETKDE,2013,A,2013,2013,False,True
IJCNN,2013,A,2013,2013,False,True
ILPS,2013,A,2013,2013,False,True
IM,2013,A,2013,2013,False,True
IMC,2013,A,2013,2013,True,False
IPCO,2013,A,2013,2013,False,True
IPDPS,2013,A,2013,2013,True,False
IROS,2013,A,2013,2013,True,False
ISAAC,2013,A,2013,2013,False,True
ISD,2013,A,2013,2013,False,True
ISMB,2013,A,2013,2013,True,False
ISMM,2013,A,2013,2013,False,True
ISR,2013,A,2013,2013,False,True
ISRR,2013,A,2013,2013,False,True
ISSCC,2013,A,2013,2013,False,True
ISSRE,2013,A,2013,2013,True,False
ISSTA,2013,A,2013,2013,True,False
ITP,2013,A,2013,2013,False,True
ITS,2013,A,2013,2013,False,True
ITiCSE,2013,A,2013,2013,False,True
IUI,2013,A,2013,2013,True,False
Interact,2013,A,2013,2013,False,True
Interspeech,2013,A,2013,2013,True,False
JELIA,2013,A,2013,2013,False,True
K-CAP,2013,A,2013,2013,False,True
LCN,2013,A,2013,2013,False,True
LCTES,2013,A,2013,2013,False,True
LPAR,2013,A,2013,2013,False,True
LPNMR,2013,A,2013,2013,False,True
MASCOTS,2013,A,2013,2013,False,True
MATES ENASE,2013,A,2013,2013,False,True
MFCS,2013,A,2013,2013,False,True
MICCAI,2013,A,2013,2013,True,False
MICRO,2013,A,2013,2013,True,False
MMCN,2013,A,2013,2013,False,True
MOBIHOC,2013,A,2013,2013,False,True
MSWIM,2013,A,2013,2013,True,False
MassPar,2013,A,2013,2013,False,True
Middleware,2013,A,2013,2013,True,False
Mobiquitous,2013,A,2013,2013,False,True
NAACL,2013,A,2013,2013,True,False
NCA,2013,A,2013,2013,False,True
NDSS,2013,A,2013,2013,True,False
NOSSDAV,2013,A,2013,2013,False,True
NetStore,2013,A,2013,2013,False,True
Networking,2013,A,2013,2013,False,True
OCIS,2013,A,2013,2013,False,True
OPENARCH,2013,A,2013,2013,False,True
PACIS,2013,A,2013,2013,False,True
PACT,2013,A,2013,2013,False,True
PAKDD,2013,A,2013,2013,False,True
PERFORMANCE,2013,A,2013,2013,False,True
PG,2013,A,2013,2013,False,True
PPSN,2013,A,2013,2013,True,False
PPoPP,2013,A,2013,2013,False,True
PT,2013,A,2013,2013,False,True
QoSA,2013,A,2013,2013,False,True
RANDOM,2013,A,2013,2013,False,True
RE,2013,A,2013,2013,True,False
RTA,2013,A,2013,2013,False,True
RTAS,2013,A,2013,2013,True,False
SAS,2013,A,2013,2013,False,True
SAT,2013,A,2013,2013,True,False
SC,2013,A,2013,2013,True,False
SCOPES,2013,A,2013,2013,False,True
SDM,2013,A,2013,2013,True,False
SDSDI,2013,A,2013,2013,False,True
SIGCSE,2013,A,2013,2013,True,False
SMS,2013,A,2013,2013,False,True
SP,2013,A,2013,2013,True,False
SPAA,2013,A,2013,2013,False,True
SPICE,2013,A,2013,2013,False,True
SRDS,2013,A,2013,2013,False,True
SSDBM,2013,A,2013,2013,False,True
SSPR,2013,A,2013,2013,False,True
SSR,2013,A,2013,2013,False,True
SSTD,2013,A,2013,2013,False,True
SecureComm,2013,A,2013,2013,False,True
SoCG,2013,A,2013,2013,True,False
TABLEAUX,2013,A,2013,2013,False,True
TACAS,2013,A,2013,2013,True,False
TARK,2013,A,2013,2013,False,True
TCC,2013,A,2013,2013,False,True
TEI,2013,A,2013,2013,False,True
TIME,2013,A,2013,2013,False,True
TPDL,2013,A,2013,2013,False,True
TrustCom,2013,A,2013,2013,False,True
UIST,2013,A,2013,2013,True,False
USENIX,2013,A,2013,2013,True,False
USENIX-Security,2013,A,2013,2013,True,False
USITS,2013,A,2013,2013,False,True
VEE,2013,A,2013,2013,False,True
VISIGRAPP,2013,A,2013,2013,False,True
VL/HCC,2013,A,2013,2013,False,True
VLSI,2013,A,2013,2013,False,True
VRST,2013,A,2013,2013,False,True
WACV,2013,A,2013,2013,True,False
WADS,2013,A,2013,2013,False,True
WG,2013,A,2013,2013,False,True
WISE,2013,A,2013,2013,False,True
WoWMoM,2013,A,2013,2013,False,True
e-Science,2013,A,2013,2013,False,True
AAAI,2013,A*,2013,2013,True,False
AAMAS,2013,A*,2013,2013,True,False
ACL,2013,A*,2013,2013,True,False
ACMMM,2013,A*,2013,2013,True,False
ASPLOS,2013,A*,2013,2013,True,False
CAV,2013,A*,2013,2013,True,False
CCS,2013,A*,2013,2013,True,False
CHI,2013,A*,2013,2013,True,False
COLT,2013,A*,2013,2013,True,False
CRYPTO,2013,A*,2013,2013,True,False
CSCL,2013,A*,2013,2013,False,True
DCC,2013,A*,2013,2013,False,True
DSN,2013,A*,2013,2013,True,False
EuroCrypt,2013,A*,2013,2013,True,False
FOCS,2013,A*,2013,2013,True,False
FOGA,2013,A*,2013,2013,True,False
HPCA,2013,A*,2013,2013,True,False
I3DG,2013,A*,2013,2013,False,True
ICAPS,2013,A*,2013,2013,True,False
ICCV,2013,A*,2013,2013,True,False
ICDE,2013,A*,2013,2013,True,False
ICDM,2013,A*,2013,2013,True,False
ICFP,2013,A*,2013,2013,True,False
ICIS,2013,A*,2013,2013,False,True
ICML,2013,A*,2013,2013,True,False
ICSE,2013,A*,2013,2013,True,False
IEEE InfoVis,2013,A*,2013,2013,False,True
IJCAI,2013,A*,2013,2013,True,False
IJCAR,2013,A*,2013,2013,True,False
INFOCOM,2013,A*,2013,2013,True,False
IPSN,2013,A*,2013,2013,False,True
ISCA,2013,A*,2013,2013,True,False
ISMAR,2013,A*,2013,2013,True,False
ISSAC,2013,A*,2013,2013,False,True
ISWC,2013,A*,2013,2013,True,False
JCDL,2013,A*,2013,2013,False,True
KDD,2013,A*,2013,2013,True,False
KR,2013,A*,2013,2013,True,False
LICS,2013,A*,2013,2013,True,False
MOBICOM,2013,A*,2013,2013,True,False
NeurIPS,2013,A*,2013,2013,True,False
OOPSLA,2013,A*,2013,2013,True,False
OSDI,2013,A*,2013,2013,True,False
PERCOM,2013,A*,2013,2013,True,False
PERVASIVE,2013,A*,2013,2013,False,True
PLDI,2013,A*,2013,2013,True,False
PODC,2013,A*,2013,2013,True,False
PODS,2013,A*,2013,2013,True,False
POPL,2013,A*,2013,2013,True,False
RSS,2013,A*,2013,2013,False,True
RTSS,2013,A*,2013,2013,True,False
SENSYS,2013,A*,2013,2013,False,True
SIGCOMM,2013,A*,2013,2013,True,False
SIGGRAPH,2013,A*,2013,2013,True,False
SIGIR,2013,A*,2013,2013,True,False
SIGMETRICS,2013,A*,2013,2013,True,False
SIGMOD,2013,A*,2013,2013,True,False
SODA,2013,A*,2013,2013,True,False
SOSP,2013,A*,2013,2013,True,False
STOC,2013,A*,2013,2013,True,False
UAI,2013,A*,2013,2013,True,False
UbiComp,2013,A*,2013,2013,False,True
VLDB,2013,A*,2013,2013,True,False
WWW,2013,A*,2013,2013,True,False
ACSAC,2014,A,2014,2016,True,False
AID,2014,A,2014,2016,False,True
AIED,2014,A,2014,2016,True,False
AIIM,2014,A,2014,2016,False,True
AIME,2014,A,2014,2016,False,True
AISTATS,2014,A,2014,2016,True,False
ALENEX,2014,A,2014,2016,True,False
ALIFE,2014,A,2014,2016,False,True
AMCIS,2014,A,2014,2016,False,True
AMIA,2014,A,2014,2016,False,True
AOSD,2014,A,2014,2016,False,True
APCOMin,2014,A,2014,2016,False,True
APPROX/RANDOM,2014,A,2014,2016,True,False
ASAP,2014,A,2014,2016,False,True
ASE,2014,A,2014,2016,True,False
ASIACRYPT,2014,A,2014,2016,True,False
ATVA,2014,A,2014,2016,False,True
Ada-Europe,2014,A,2014,2016,False,True
AiML,2014,A,2014,2016,False,True
BPM,2014,A,2014,2016,True,False
CADE,2014,A,2014,2016,True,False
CASES,2014,A,2014,2016,False,True
CC,2014,A,2014,2016,False,True
CCGRID,2014,A,2014,2016,False,True
CDC,2014,A,2014,2016,False,True
CGO,2014,A,2014,2016,True,False
CIDR,2014,A,2014,2016,True,False
CIKM,2014,A,2014,2016,True,False
CLUSTER,2014,A,2014,2016,False,True
COCOON,2014,A,2014,2016,False,True
COLING,2014,A,2014,2016,False,True
CONCUR,2014,A,2014,2016,False,True
CP,2014,A,2014,2016,True,False
CSB,2014,A,2014,2016,False,True
CSCL,2014,A,2014,2016,False,True
CSCW,2014,A,2014,2016,True,False
CSF,2014,A,2014,2016,True,False
CVPR,2014,A,2014,2016,True,False
CaiSE,2014,A,2014,2016,True,False
CoNEXT,2014,A,2014,2016,True,False
CoNLL,2014,A,2014,2016,False,True
CogSci,2014,A,2014,2016,False,True
CoopIS,2014,A,2014,2016,False,True
Coordination,2014,A,2014,2016,False,True
DAC,2014,A,2014,2016,True,False
DBSEC,2014,A,2014,2016,False,True
DESRIST,2014,A,2014,2016,False,True
DISC,2014,A,2014,2016,True,False
DOOD,2014,A,2014,2016,False,True
DSN,2014,A,2014,2016,True,False
EAAI,2014,A,2014,2016,False,True
EACL,2014,A,2014,2016,True,False
EASE,2014,A,2014,2016,True,False
ECAI,2014,A,2014,2016,True,False
ECCV,2014,A,2014,2016,True,False
ECIS,2014,A,2014,2016,False,True
ECML,2014,A,2014,2016,False,True
ECML PKDD,2014,A,2014,2016,True,False
ECOOP,2014,A,2014,2016,True,False
ECRTS,2014,A,2014,2016,False,True
ECSA,2014,A,2014,2016,False,True
EDBT,2014,A,2014,2016,False,True
EMNLP,2014,A,2014,2016,True,False
EMSOFT,2014,A,2014,2016,False,True
ER,2014,A,2014,2016,True,False
ESA,2014,A,2014,2016,True,False
ESEM,2014,A,2014,2016,True,False
ESOP,2014,A,2014,2016,True,False
ESORICS,2014,A,2014,2016,True,False
ESQARU,2014,A,2014,2016,False,True
ESWC,2014,A,2014,2016,False,True
EUROGRAPH,2014,A,2014,2016,False,True
EWSN,2014,A,2014,2016,False,True
EuroPar,2014,A,2014,2016,False,True
EuroSys,2014,A,2014,2016,True,False
FAST,2014,A,2014,2016,True,False
FCCM,2014,A,2014,2016,False,True
FCT,2014,A,2014,2016,False,True
FLOPS,2014,A,2014,2016,False,True
FM,2014,A,2014,2016,False,True
FODO,2014,A,2014,2016,False,True
FOIS,2014,A,2014,2016,False,True
FORTE,2014,A,2014,2016,False,True
FOSSACS,2014,A,2014,2016,False,True
FSE,2014,A,2014,2016,True,False
FSR,2014,A,2014,2016,False,True
FUZZ-IEEE,2014,A,2014,2016,False,True
GD,2014,A,2014,2016,True,False
GECCO,2014,A,2014,2016,True,False
GRID,2014,A,2014,2016,False,True
HICSS,2014,A,2014,2016,False,True
HOTCHIPS (HCS),2014,A,2014,2016,False,True
HOTNETS,2014,A,2014,2016,False,True
HPDC,2014,A,2014,2016,True,False
HiPC,2014,A,2014,2016,False,True
HotOS,2014,A,2014,2016,True,False
Hypertext,2014,A,2014,2016,False,True
ICADL,2014,A,2014,2016,False,True
ICALP,2014,A,2014,2016,True,False
ICARCV,2014,A,2014,2016,False,True
ICCAD,2014,A,2014,2016,True,False
ICCCN,2014,A,2014,2016,False,True
ICCL,2014,A,2014,2016,False,True
ICCS,2014,A,2014,2016,False,True
ICDAR,2014,A,2014,2016,True,False
ICDCS,2014,A,2014,2016,True,False
ICDT,2014,A,2014,2016,True,False
ICECCS,2014,A,2014,2016,False,True
ICLP,2014,A,2014,2016,False,True
ICMCS,2014,A,2014,2016,False,True
ICNP,2014,A,2014,2016,False,True
ICONIP,2014,A,2014,2016,False,True
ICPP,2014,A,2014,2016,False,True
ICS,2014,A,2014,2016,True,False
ICSA,2014,A,2014,2016,True,False
ICSC2,2014,A,2014,2016,False,True
ICSME,2014,A,2014,2016,True,False
ICSOC,2014,A,2014,2016,True,False
ICSPC,2014,A,2014,2016,False,True
ICSR,2014,A,2014,2016,False,True
ICSSP,2014,A,2014,2016,False,True
ICTL,2014,A,2014,2016,False,True
ICWS,2014,A,2014,2016,True,False
IDA,2014,A,2014,2016,False,True
IEEE Alife,2014,A,2014,2016,False,True
IEEE SSE,2014,A,2014,2016,False,True
IEEE VIS,2014,A,2014,2016,True,False
IEEETKDE,2014,A,2014,2016,False,True
IJCNN,2014,A,2014,2016,False,True
ILPS,2014,A,2014,2016,False,True
IM,2014,A,2014,2016,False,True
IMC,2014,A,2014,2016,True,False
IPCO,2014,A,2014,2016,False,True
IPDPS,2014,A,2014,2016,True,False
IROS,2014,A,2014,2016,True,False
ISAAC,2014,A,2014,2016,False,True
ISD,2014,A,2014,2016,False,True
ISMB,2014,A,2014,2016,True,False
ISMM,2014,A,2014,2016,False,True
ISR,2014,A,2014,2016,False,True
ISRR,2014,A,2014,2016,False,True
ISS,2014,A,2014,2016,False,True
ISSCC,2014,A,2014,2016,False,True
ISSRE,2014,A,2014,2016,True,False
ISSTA,2014,A,2014,2016,True,False
ITP,2014,A,2014,2016,False,True
ITS,2014,A,2014,2016,False,True
ITiCSE,2014,A,2014,2016,False,True
IUI,2014,A,2014,2016,True,False
Interact,2014,A,2014,2016,False,True
Interspeech,2014,A,2014,2016,True,False
JELIA,2014,A,2014,2016,False,True
K-CAP,2014,A,2014,2016,False,True
LCN,2014,A,2014,2016,False,True
LCTES,2014,A,2014,2016,False,True
LPAR,2014,A,2014,2016,False,True
LPNMR,2014,A,2014,2016,False,True
MASCOTS,2014,A,2014,2016,False,True
MATES ENASE,2014,A,2014,2016,False,True
MFCS,2014,A,2014,2016,False,True
MICCAI,2014,A,2014,2016,True,False
MICRO,2014,A,2014,2016,True,False
MMCN,2014,A,2014,2016,False,True
MOBIHOC,2014,A,2014,2016,False,True
MSWIM,2014,A,2014,2016,True,False
MassPar,2014,A,2014,2016,False,True
Middleware,2014,A,2014,2016,True,False
Mobiquitous,2014,A,2014,2016,False,True
NAACL,2014,A,2014,2016,True,False
NCA,2014,A,2014,2016,False,True
NDSS,2014,A,2014,2016,True,False
NOSSDAV,2014,A,2014,2016,False,True
NetStore,2014,A,2014,2016,False,True
Networking,2014,A,2014,2016,False,True
OCIS,2014,A,2014,2016,False,True
OPENARCH,2014,A,2014,2016,False,True
PACIS,2014,A,2014,2016,False,True
PACT,2014,A,2014,2016,False,True
PAKDD,2014,A,2014,2016,False,True
PERFORMANCE,2014,A,2014,2016,False,True
PG,2014,A,2014,2016,False,True
PPSN,2014,A,2014,2016,True,False
PPoPP,2014,A,2014,2016,False,True
PT,2014,A,2014,2016,False,True
PacificVis,2014,A,2014,2016,False,True
RAID,2014,A,2014,2016,True,False
RANDOM,2014,A,2014,2016,False,True
RE,2014,A,2014,2016,True,False
RTA,2014,A,2014,2016,False,True
RTAS,2014,A,2014,2016,True,False
SAS,2014,A,2014,2016,False,True
SAT,2014,A,2014,2016,True,False
SC,2014,A,2014,2016,True,False
SCOPES,2014,A,2014,2016,False,True
SDM,2014,A,2014,2016,True,False
SDSDI,2014,A,2014,2016,False,True
SIGCSE,2014,A,2014,2016,True,False
SMS,2014,A,2014,2016,False,True
SPAA,2014,A,2014,2016,False,True
SPICE,2014,A,2014,2016,False,True
SRDS,2014,A,2014,2016,False,True
SSDBM,2014,A,2014,2016,False,True
SSPR,2014,A,2014,2016,False,True
SSR,2014,A,2014,2016,False,True
SSTD,2014,A,2014,2016,False,True
SecureComm,2014,A,2014,2016,False,True
SoCG,2014,A,2014,2016,True,False
TABLEAUX,2014,A,2014,2016,False,True
TACAS,2014,A,2014,2016,True,False
TARK,2014,A,2014,2016,False,True
TCC,2014,A,2014,2016,False,True
TEI,2014,A,2014,2016,False,True
TPDL,2014,A,2014,2016,False,True
TrustCom,2014,A,2014,2016,False,True
UIST,2014,A,2014,2016,True,False
USENIX,2014,A,2014,2016,True,False
USITS,2014,A,2014,2016,False,True
VEE,2014,A,2014,2016,False,True
VLSI,2014,A,2014,2016,False,True
VR,2014,A,2014,2016,True,False
VRST,2014,A,2014,2016,False,True
WACV,2014,A,2014,2016,True,False
WG,2014,A,2014,2016,False,True
WISE,2014,A,2014,2016,False,True
WoWMoM,2014,A,2014,2016,False,True
e-Science,2014,A,2014,2016,False,True
AAAI,2014,A*,2014,2016,True,False
AAMAS,2014,A*,2014,2016,True,False
ACL,2014,A*,2014,2016,True,False
ACMMM,2014,A*,2014,2016,True,False
ASPLOS,2014,A*,2014,2016,True,False
CAV,2014,A*,2014,2016,True,False
CCS,2014,A*,2014,2016,True,False
CHI,2014,A*,2014,2016,True,False
COLT,2014,A*,2014,2016,True,False
CRYPTO,2014,A*,2014,2016,True,False
DCC,2014,A*,2014,2016,False,True
EuroCrypt,2014,A*,2014,2016,True,False
FOCS,2014,A*,2014,2016,True,False
FOGA,2014,A*,2014,2016,True,False
HPCA,2014,A*,2014,2016,True,False
ICAPS,2014,A*,2014,2016,True,False
ICCV,2014,A*,2014,2016,True,False
ICDE,2014,A*,2014,2016,True,False
ICDM,2014,A*,2014,2016,True,False
ICFP,2014,A*,2014,2016,True,False
ICIS,2014,A*,2014,2016,False,True
ICML,2014,A*,2014,2016,True,False
ICSE,2014,A*,2014,2016,True,False
IEEE InfoVis,2014,A*,2014,2016,False,True
IJCAI,2014,A*,2014,2016,True,False
IJCAR,2014,A*,2014,2016,True,False
INFOCOM,2014,A*,2014,2016,True,False
IPSN,2014,A*,2014,2016,False,True
ISCA,2014,A*,2014,2016,True,False
ISMAR,2014,A*,2014,2016,True,False
ISSAC,2014,A*,2014,2016,False,True
ISWC,2014,A*,2014,2016,True,False
JCDL,2014,A*,2014,2016,False,True
KDD,2014,A*,2014,2016,True,False
KR,2014,A*,2014,2016,True,False
LICS,2014,A*,2014,2016,True,False
MOBICOM,2014,A*,2014,2016,True,False
NeurIPS,2014,A*,2014,2016,True,False
OOPSLA,2014,A*,2014,2016,True,False
OSDI,2014,A*,2014,2016,True,False
PERCOM,2014,A*,2014,2016,True,False
PERVASIVE,2014,A*,2014,2016,False,True
PLDI,2014,A*,2014,2016,True,False
PODC,2014,A*,2014,2016,True,False
PODS,2014,A*,2014,2016,True,False
POPL,2014,A*,2014,2016,True,False
RSS,2014,A*,2014,2016,False,True
RTSS,2014,A*,2014,2016,True,False
SENSYS,2014,A*,2014,2016,False,True
SIGCOMM,2014,A*,2014,2016,True,False
SIGGRAPH,2014,A*,2014,2016,True,False
SIGIR,2014,A*,2014,2016,True,False
SIGMETRICS,2014,A*,2014,2016,True,False
SIGMOD,2014,A*,2014,2016,True,False
SODA,2014,A*,2014,2016,True,False
SOSP,2014,A*,2014,2016,True,False
SP,2014,A*,2014,2016,True,False
STOC,2014,A*,2014,2016,True,False
UAI,2014,A*,2014,2016,True,False
USENIX-Security,2014,A*,2014,2016,True,False
UbiComp,2014,A*,2014,2016,False,True
VLDB,2014,A*,2014,2016,True,False
WSDM,2014,A*,2014,2016,True,False
WWW,2014,A*,2014,2016,True,False
ACSAC,2017,A,2017,2017,True,False
AID,2017,A,2017,2017,False,True
AIED,2017,A,2017,2017,True,False
AIIM,2017,A,2017,2017,False,True
AISTATS,2017,A,2017,2017,True,False
ALENEX,2017,A,2017,2017,True,False
ALIFE,2017,A,2017,2017,False,True
AMCIS,2017,A,2017,2017,False,True
AMIA,2017,A,2017,2017,False,True
AOSD,2017,A,2017,2017,False,True
APCOMin,2017,A,2017,2017,False,True
APPROX/RANDOM,2017,A,2017,2017,True,False
ASAP,2017,A,2017,2017,False,True
ASE,2017,A,2017,2017,True,False
ASIACRYPT,2017,A,2017,2017,True,False
ATVA,2017,A,2017,2017,False,True
AiML,2017,A,2017,2017,False,True
BPM,2017,A,2017,2017,True,False
CADE,2017,A,2017,2017,True,False
CASES,2017,A,2017,2017,False,True
CC,2017,A,2017,2017,False,True
CCC,2017,A,2017,2017,True,False
CCGRID,2017,A,2017,2017,False,True
CDC,2017,A,2017,2017,False,True
CGO,2017,A,2017,2017,True,False
CIDR,2017,A,2017,2017,True,False
CIKM,2017,A,2017,2017,True,False
CLUSTER,2017,A,2017,2017,False,True
COCOON,2017,A,2017,2017,False,True
COLING,2017,A,2017,2017,False,True
CONCUR,2017,A,2017,2017,False,True
CP,2017,A,2017,2017,True,False
CSB,2017,A,2017,2017,False,True
CSCL,2017,A,2017,2017,False,True
CSCW,2017,A,2017,2017,True,False
CSF,2017,A,2017,2017,True,False
CVPR,2017,A,2017,2017,True,False
CaiSE,2017,A,2017,2017,True,False
CoNEXT,2017,A,2017,2017,True,False
CoNLL,2017,A,2017,2017,False,True
CogSci,2017,A,2017,2017,False,True
CoopIS,2017,A,2017,2017,False,True
Coordination,2017,A,2017,2017,False,True
DAC,2017,A,2017,2017,True,False
DBSEC,2017,A,2017,2017,False,True
DESRIST,2017,A,2017,2017,False,True
DISC,2017,A,2017,2017,True,False
DOOD,2017,A,2017,2017,False,True
DSN,2017,A,2017,2017,True,False
EAAI,2017,A,2017,2017,False,True
EACL,2017,A,2017,2017,True,False
EASE,2017,A,2017,2017,True,False
ECAI,2017,A,2017,2017,True,False
ECCV,2017,A,2017,2017,True,False
ECIS,2017,A,2017,2017,False,True
ECML PKDD,2017,A,2017,2017,True,False
ECOOP,2017,A,2017,2017,True,False
ECRTS,2017,A,2017,2017,False,True
ECSA,2017,A,2017,2017,False,True
EDBT,2017,A,2017,2017,False,True
EMNLP,2017,A,2017,2017,True,False
EMSOFT,2017,A,2017,2017,False,True
ER,2017,A,2017,2017,True,False
ESA,2017,A,2017,2017,True,False
ESEM,2017,A,2017,2017,True,False
ESOP,2017,A,2017,2017,True,False
ESORICS,2017,A,2017,2017,True,False
ESQARU,2017,A,2017,2017,False,True
ESWC,2017,A,2017,2017,False,True
EUROGRAPH,2017,A,2017,2017,False,True
EWSN,2017,A,2017,2017,False,True
EuroPar,2017,A,2017,2017,False,True
EuroSys,2017,A,2017,2017,True,False
FAST,2017,A,2017,2017,True,False
FCCM,2017,A,2017,2017,False,True
FCT,2017,A,2017,2017,False,True
FLOPS,2017,A,2017,2017,False,True
FM,2017,A,2017,2017,False,True
FODO,2017,A,2017,2017,False,True
FOIS,2017,A,2017,2017,False,True
FORTE,2017,A,2017,2017,False,True
FOSSACS,2017,A,2017,2017,False,True
FSR,2017,A,2017,2017,False,True
FUZZ-IEEE,2017,A,2017,2017,False,True
GD,2017,A,2017,2017,True,False
GECCO,2017,A,2017,2017,True,False
GRID,2017,A,2017,2017,False,True
HICSS,2017,A,2017,2017,False,True
HOTCHIPS (HCS),2017,A,2017,2017,False,True
HOTNETS,2017,A,2017,2017,False,True
HPDC,2017,A,2017,2017,True,False
HotOS,2017,A,2017,2017,True,False
Hypertext,2017,A,2017,2017,False,True
ICADL,2017,A,2017,2017,False,True
ICALP,2017,A,2017,2017,True,False
ICARCV,2017,A,2017,2017,False,True
ICCAD,2017,A,2017,2017,True,False
ICCCN,2017,A,2017,2017,False,True
ICCL,2017,A,2017,2017,False,True
ICCS,2017,A,2017,2017,False,True
ICDAR,2017,A,2017,2017,True,False
ICDCS,2017,A,2017,2017,True,False
ICDT,2017,A,2017,2017,True,False
ICECCS,2017,A,2017,2017,False,True
ICLP,2017,A,2017,2017,False,True
ICMCS,2017,A,2017,2017,False,True
ICNP,2017,A,2017,2017,False,True
ICONIP,2017,A,2017,2017,False,True
ICPP,2017,A,2017,2017,False,True
ICS,2017,A,2017,2017,True,False
ICSA,2017,A,2017,2017,True,False
ICSC2,2017,A,2017,2017,False,True
ICSME,2017,A,2017,2017,True,False
ICSOC,2017,A,2017,2017,True,False
ICSPC,2017,A,2017,2017,False,True
ICSR,2017,A,2017,2017,False,True
ICSSP,2017,A,2017,2017,False,True
ICTL,2017,A,2017,2017,False,True
ICWS,2017,A,2017,2017,True,False
IDA,2017,A,2017,2017,False,True
IEEE Alife,2017,A,2017,2017,False,True
IEEE SSE,2017,A,2017,2017,False,True
IEEE VIS,2017,A,2017,2017,True,False
IEEETKDE,2017,A,2017,2017,False,True
IJCNN,2017,A,2017,2017,False,True
ILPS,2017,A,2017,2017,False,True
IM,2017,A,2017,2017,False,True
IMC,2017,A,2017,2017,True,False
IPCO,2017,A,2017,2017,False,True
IPDPS,2017,A,2017,2017,True,False
IROS,2017,A,2017,2017,True,False
ISAAC,2017,A,2017,2017,False,True
ISD,2017,A,2017,2017,False,True
ISMB,2017,A,2017,2017,True,False
ISMM,2017,A,2017,2017,False,True
ISR,2017,A,2017,2017,False,True
ISRR,2017,A,2017,2017,False,True
ISS,2017,A,2017,2017,False,True
ISSCC,2017,A,2017,2017,False,True
ISSRE,2017,A,2017,2017,True,False
ISSTA,2017,A,2017,2017,True,False
ITP,2017,A,2017,2017,False,True
ITS,2017,A,2017,2017,False,True
ITiCSE,2017,A,2017,2017,False,True
IUI,2017,A,2017,2017,True,False
Interact,2017,A,2017,2017,False,True
Interspeech,2017,A,2017,2017,True,False
JELIA,2017,A,2017,2017,False,True
K-CAP,2017,A,2017,2017,False,True
LCN,2017,A,2017,2017,False,True
LCTES,2017,A,2017,2017,False,True
LPAR,2017,A,2017,2017,False,True
LPNMR,2017,A,2017,2017,False,True
MASCOTS,2017,A,2017,2017,False,True
MATES ENASE,2017,A,2017,2017,False,True
MFCS,2017,A,2017,2017,False,True
MICCAI,2017,A,2017,2017,True,False
MICRO,2017,A,2017,2017,True,False
MMCN,2017,A,2017,2017,False,True
MOBIHOC,2017,A,2017,2017,False,True
MSWIM,2017,A,2017,2017,True,False
MassPar,2017,A,2017,2017,False,True
Middleware,2017,A,2017,2017,True,False
Mobiquitous,2017,A,2017,2017,False,True
NAACL,2017,A,2017,2017,True,False
NCA,2017,A,2017,2017,False,True
NDSS,2017,A,2017,2017,True,False
NOSSDAV,2017,A,2017,2017,False,True
NetStore,2017,A,2017,2017,False,True
Networking,2017,A,2017,2017,False,True
OCIS,2017,A,2017,2017,False,True
OPENARCH,2017,A,2017,2017,False,True
PACIS,2017,A,2017,2017,False,True
PACT,2017,A,2017,2017,False,True
PAKDD,2017,A,2017,2017,False,True
PERFORMANCE,2017,A,2017,2017,False,True
PG,2017,A,2017,2017,False,True
PPSN,2017,A,2017,2017,True,False
PPoPP,2017,A,2017,2017,False,True
PT,2017,A,2017,2017,False,True
RAID,2017,A,2017,2017,True,False
RANDOM,2017,A,2017,2017,False,True
RE,2017,A,2017,2017,True,False
RTA,2017,A,2017,2017,False,True
RTAS,2017,A,2017,2017,True,False
SAS,2017,A,2017,2017,False,True
SAT,2017,A,2017,2017,True,False
SC,2017,A,2017,2017,True,False
SCOPES,2017,A,2017,2017,False,True
SDM,2017,A,2017,2017,True,False
SDSDI,2017,A,2017,2017,False,True
SIGCSE,2017,A,2017,2017,True,False
SMS,2017,A,2017,2017,False,True
SPAA,2017,A,2017,2017,False,True
SPICE,2017,A,2017,2017,False,True
SRDS,2017,A,2017,2017,False,True
SSDBM,2017,A,2017,2017,False,True
SSPR,2017,A,2017,2017,False,True
SSR,2017,A,2017,2017,False,True
SSTD,2017,A,2017,2017,False,True
SoCG,2017,A,2017,2017,True,False
TABLEAUX,2017,A,2017,2017,False,True
TACAS,2017,A,2017,2017,True,False
TARK,2017,A,2017,2017,False,True
TCC,2017,A,2017,2017,False,True
TEI,2017,A,2017,2017,False,True
TPDL,2017,A,2017,2017,False,True
TrustCom,2017,A,2017,2017,False,True
UIST,2017,A,2017,2017,True,False
USENIX,2017,A,2017,2017,True,False
USITS,2017,A,2017,2017,False,True
VEE,2017,A,2017,2017,False,True
VLSI,2017,A,2017,2017,False,True
VR,2017,A,2017,2017,True,False
VRST,2017,A,2017,2017,False,True
WACV,2017,A,2017,2017,True,False
WG,2017,A,2017,2017,False,True
WISE,2017,A,2017,2017,False,True
WoWMoM,2017,A,2017,2017,False,True
e-Science,2017,A,2017,2017,False,True
AAAI,2017,A*,2017,2017,True,False
AAMAS,2017,A*,2017,2017,True,False
ACL,2017,A*,2017,2017,True,False
ACMMM,2017,A*,2017,2017,True,False
ASPLOS,2017,A*,2017,2017,True,False
CAV,2017,A*,2017,2017,True,False
CCS,2017,A*,2017,2017,True,False
CHI,2017,A*,2017,2017,True,False
COLT,2017,A*,2017,2017,True,False
CRYPTO,2017,A*,2017,2017,True,False
DCC,2017,A*,2017,2017,False,True
EuroCrypt,2017,A*,2017,2017,True,False
FOCS,2017,A*,2017,2017,True,False
FOGA,2017,A*,2017,2017,True,False
HPCA,2017,A*,2017,2017,True,False
ICAPS,2017,A*,2017,2017,True,False
ICCV,2017,A*,2017,2017,True,False
ICDE,2017,A*,2017,2017,True,False
ICDM,2017,A*,2017,2017,True,False
ICFP,2017,A*,2017,2017,True,False
ICIS,2017,A*,2017,2017,False,True
ICML,2017,A*,2017,2017,True,False
ICSE,2017,A*,2017,2017,True,False
IEEE InfoVis,2017,A*,2017,2017,False,True
IJCAI,2017,A*,2017,2017,True,False
IJCAR,2017,A*,2017,2017,True,False
INFOCOM,2017,A*,2017,2017,True,False
IPSN,2017,A*,2017,2017,False,True
ISCA,2017,A*,2017,2017,True,False
ISMAR,2017,A*,2017,2017,True,False
ISSAC,2017,A*,2017,2017,False,True
ISWC,2017,A*,2017,2017,True,False
JCDL,2017,A*,2017,2017,False,True
KDD,2017,A*,2017,2017,True,False
KR,2017,A*,2017,2017,True,False
LICS,2017,A*,2017,2017,True,False
MOBICOM,2017,A*,2017,2017,True,False
NeurIPS,2017,A*,2017,2017,True,False
OOPSLA,2017,A*,2017,2017,True,False
OSDI,2017,A*,2017,2017,True,False
PERCOM,2017,A*,2017,2017,True,False
PLDI,2017,A*,2017,2017,True,False
PODC,2017,A*,2017,2017,True,False
PODS,2017,A*,2017,2017,True,False
POPL,2017,A*,2017,2017,True,False
RSS,2017,A*,2017,2017,False,True
RTSS,2017,A*,2017,2017,True,False
SENSYS,2017,A*,2017,2017,False,True
SIGCOMM,2017,A*,2017,2017,True,False
SIGGRAPH,2017,A*,2017,2017,True,False
SIGIR,2017,A*,2017,2017,True,False
SIGMETRICS,2017,A*,2017,2017,True,False
SIGMOD,2017,A*,2017,2017,True,False
SODA,2017,A*,2017,2017,True,False
SOSP,2017,A*,2017,2017,True,False
SP,2017,A*,2017,2017,True,False
STOC,2017,A*,2017,2017,True,False
UAI,2017,A*,2017,2017,True,False
USENIX-Security,2017,A*,2017,2017,True,False
UbiComp,2017,A*,2017,2017,False,True
VLDB,2017,A*,2017,2017,True,False
WSDM,2017,A*,2017,2017,True,False
WWW,2017,A*,2017,2017,True,False
ACSAC,2018,A,2018,2019,True,False
AFIPS,2018,A,2018,2019,False,True
AID,2018,A,2018,2019,False,True
AIED,2018,A,2018,2019,True,False
AIIM,2018,A,2018,2019,False,True
AISTATS,2018,A,2018,2019,True,False
ALENEX,2018,A,2018,2019,True,False
ALIFE,2018,A,2018,2019,False,True
AMCIS,2018,A,2018,2019,False,True
AMIA,2018,A,2018,2019,False,True
AOSD,2018,A,2018,2019,False,True
APCOMin,2018,A,2018,2019,False,True
APPROX/RANDOM,2018,A,2018,2019,True,False
ASAP,2018,A,2018,2019,False,True
ASE,2018,A,2018,2019,True,False
ASIACRYPT,2018,A,2018,2019,True,False
ATVA,2018,A,2018,2019,False,True
AiML,2018,A,2018,2019,False,True
BPM,2018,A,2018,2019,True,False
BuildSys,2018,A,2018,2019,False,True
CADE,2018,A,2018,2019,True,False
CASES,2018,A,2018,2019,False,True
CC,2018,A,2018,2019,False,True
CCC,2018,A,2018,2019,True,False
CCGRID,2018,A,2018,2019,False,True
CDC,2018,A,2018,2019,False,True
CGO,2018,A,2018,2019,True,False
CHES,2018,A,2018,2019,True,False
CIDR,2018,A,2018,2019,True,False
CIKM,2018,A,2018,2019,True,False
CLUSTER,2018,A,2018,2019,False,True
COCOON,2018,A,2018,2019,False,True
COLING,2018,A,2018,2019,False,True
CONCUR,2018,A,2018,2019,False,True
CP,2018,A,2018,2019,True,False
CSB,2018,A,2018,2019,False,True
CSCL,2018,A,2018,2019,False,True
CSCW,2018,A,2018,2019,True,False
CSF,2018,A,2018,2019,True,False
CaiSE,2018,A,2018,2019,True,False
CoNEXT,2018,A,2018,2019,True,False
CoNLL,2018,A,2018,2019,False,True
CogSci,2018,A,2018,2019,False,True
CoopIS,2018,A,2018,2019,False,True
DAC,2018,A,2018,2019,True,False
DESRIST,2018,A,2018,2019,False,True
DISC,2018,A,2018,2019,True,False
DOOD,2018,A,2018,2019,False,True
DSN,2018,A,2018,2019,True,False
EAAI,2018,A,2018,2019,False,True
EACL,2018,A,2018,2019,True,False
EASE,2018,A,2018,2019,True,False
ECAI,2018,A,2018,2019,True,False
ECCV,2018,A,2018,2019,True,False
ECIR,2018,A,2018,2019,True,False
ECIS,2018,A,2018,2019,False,True
ECML PKDD,2018,A,2018,2019,True,False
ECOOP,2018,A,2018,2019,True,False
ECRTS,2018,A,2018,2019,False,True
ECSA,2018,A,2018,2019,False,True
EDBT,2018,A,2018,2019,False,True
EMNLP,2018,A,2018,2019,True,False
EMSOFT,2018,A,2018,2019,False,True
ER,2018,A,2018,2019,True,False
ESA,2018,A,2018,2019,True,False
ESEM,2018,A,2018,2019,True,False
ESOP,2018,A,2018,2019,True,False
ESORICS,2018,A,2018,2019,True,False
ESQARU,2018,A,2018,2019,False,True
ESWC,2018,A,2018,2019,False,True
EUROGRAPH,2018,A,2018,2019,False,True
EWSN,2018,A,2018,2019,False,True
EuroPar,2018,A,2018,2019,False,True
EuroSys,2018,A,2018,2019,True,False
FAST,2018,A,2018,2019,True,False
FCCM,2018,A,2018,2019,False,True
FCT,2018,A,2018,2019,False,True
FLOPS,2018,A,2018,2019,False,True
FM,2018,A,2018,2019,False,True
FODO,2018,A,2018,2019,False,True
FOIS,2018,A,2018,2019,False,True
FOSSACS,2018,A,2018,2019,False,True
FSR,2018,A,2018,2019,False,True
FUZZ-IEEE,2018,A,2018,2019,False,True
GD,2018,A,2018,2019,True,False
GECCO,2018,A,2018,2019,True,False
GRID,2018,A,2018,2019,False,True
HICSS,2018,A,2018,2019,False,True
HOTCHIPS (HCS),2018,A,2018,2019,False,True
HOTNETS,2018,A,2018,2019,False,True
HPDC,2018,A,2018,2019,True,False
HotOS,2018,A,2018,2019,True,False
Hypertext,2018,A,2018,2019,False,True
ICADL,2018,A,2018,2019,False,True
ICALP,2018,A,2018,2019,True,False
ICARCV,2018,A,2018,2019,False,True
ICCAD,2018,A,2018,2019,True,False
ICCCN,2018,A,2018,2019,False,True
ICCL,2018,A,2018,2019,False,True
ICCS,2018,A,2018,2019,False,True
ICDAR,2018,A,2018,2019,True,False
ICDCS,2018,A,2018,2019,True,False
ICDT,2018,A,2018,2019,True,False
ICECCS,2018,A,2018,2019,False,True
ICLP,2018,A,2018,2019,False,True
ICMCS,2018,A,2018,2019,False,True
ICNP,2018,A,2018,2019,False,True
ICONIP,2018,A,2018,2019,False,True
ICPP,2018,A,2018,2019,False,True
ICS,2018,A,2018,2019,True,False
ICSC2,2018,A,2018,2019,False,True
ICSME,2018,A,2018,2019,True,False
ICSOC,2018,A,2018,2019,True,False
ICSPC,2018,A,2018,2019,False,True
ICSSP,2018,A,2018,2019,False,True
ICST,2018,A,2018,2019,True,False
ICTL,2018,A,2018,2019,False,True
ICWS,2018,A,2018,2019,True,False
IDA,2018,A,2018,2019,False,True
IEEE Alife,2018,A,2018,2019,False,True
IEEE SSE,2018,A,2018,2019,False,True
IEEE VIS,2018,A,2018,2019,True,False
IEEETKDE,2018,A,2018,2019,False,True
IJCNN,2018,A,2018,2019,False,True
ILPS,2018,A,2018,2019,False,True
IM,2018,A,2018,2019,False,True
IMC,2018,A,2018,2019,True,False
IPCO,2018,A,2018,2019,False,True
IPDPS,2018,A,2018,2019,True,False
IROS,2018,A,2018,2019,True,False
ISAAC,2018,A,2018,2019,False,True
ISD,2018,A,2018,2019,False,True
ISMB,2018,A,2018,2019,True,False
ISMM,2018,A,2018,2019,False,True
ISR,2018,A,2018,2019,False,True
ISRR,2018,A,2018,2019,False,True
ISS,2018,A,2018,2019,False,True
ISSCC,2018,A,2018,2019,False,True
ISSRE,2018,A,2018,2019,True,False
ISSTA,2018,A,2018,2019,True,False
ITCS,2018,A,2018,2019,True,False
ITP,2018,A,2018,2019,False,True
ITS,2018,A,2018,2019,False,True
ITiCSE,2018,A,2018,2019,False,True
IUI,2018,A,2018,2019,True,False
Interact,2018,A,2018,2019,False,True
Interspeech,2018,A,2018,2019,True,False
JELIA,2018,A,2018,2019,False,True
K-CAP,2018,A,2018,2019,False,True
LCN,2018,A,2018,2019,False,True
LCTES,2018,A,2018,2019,False,True
LPAR,2018,A,2018,2019,False,True
LPNMR,2018,A,2018,2019,False,True
MASCOTS,2018,A,2018,2019,False,True
MATES ENASE,2018,A,2018,2019,False,True
MFCS,2018,A,2018,2019,False,True
MICCAI,2018,A,2018,2019,True,False
MICRO,2018,A,2018,2019,True,False
MMCN,2018,A,2018,2019,False,True
MOBIHOC,2018,A,2018,2019,False,True
MODELS,2018,A,2018,2019,True,False
MSR,2018,A,2018,2019,True,False
MSWIM,2018,A,2018,2019,True,False
MassPar,2018,A,2018,2019,False,True
Middleware,2018,A,2018,2019,True,False
Mobiquitous,2018,A,2018,2019,False,True
NAACL,2018,A,2018,2019,True,False
NCA,2018,A,2018,2019,False,True
NOSSDAV,2018,A,2018,2019,False,True
NetStore,2018,A,2018,2019,False,True
Networking,2018,A,2018,2019,False,True
OCIS,2018,A,2018,2019,False,True
OPENARCH,2018,A,2018,2019,False,True
PACIS,2018,A,2018,2019,False,True
PACT,2018,A,2018,2019,False,True
PAKDD,2018,A,2018,2019,False,True
PERFORMANCE,2018,A,2018,2019,False,True
PG,2018,A,2018,2019,False,True
PPSN,2018,A,2018,2019,True,False
PPoPP,2018,A,2018,2019,False,True
PT,2018,A,2018,2019,False,True
RAID,2018,A,2018,2019,True,False
RANDOM,2018,A,2018,2019,False,True
RE,2018,A,2018,2019,True,False
RTA,2018,A,2018,2019,False,True
RTAS,2018,A,2018,2019,True,False
SAS,2018,A,2018,2019,False,True
SAT,2018,A,2018,2019,True,False
SC,2018,A,2018,2019,True,False
SCOPES,2018,A,2018,2019,False,True
SDM,2018,A,2018,2019,True,False
SDSDI,2018,A,2018,2019,False,True
SIGCSE,2018,A,2018,2019,True,False
SIGSPATIAL,2018,A,2018,2019,True,False
SMS,2018,A,2018,2019,False,True
SPAA,2018,A,2018,2019,False,True
SRDS,2018,A,2018,2019,False,True
SSDBM,2018,A,2018,2019,False,True
SSPR,2018,A,2018,2019,False,True
SSR,2018,A,2018,2019,False,True
SSTD,2018,A,2018,2019,False,True
STACS,2018,A,2018,2019,True,False
SoCG,2018,A,2018,2019,True,False
TABLEAUX,2018,A,2018,2019,False,True
TACAS,2018,A,2018,2019,True,False
TARK,2018,A,2018,2019,False,True
TCC,2018,A,2018,2019,False,True
TEI,2018,A,2018,2019,False,True
TrustCom,2018,A,2018,2019,False,True
UIST,2018,A,2018,2019,True,False
USENIX,2018,A,2018,2019,True,False
USITS,2018,A,2018,2019,False,True
VEE,2018,A,2018,2019,False,True
VLSI,2018,A,2018,2019,False,True
VR,2018,A,2018,2019,True,False
VRST,2018,A,2018,2019,False,True
WACV,2018,A,2018,2019,True,False
WG,2018,A,2018,2019,False,True
WISE,2018,A,2018,2019,False,True
WoWMoM,2018,A,2018,2019,False,True
e-Science,2018,A,2018,2019,False,True
AAAI,2018,A*,2018,2019,True,False
AAMAS,2018,A*,2018,2019,True,False
ACL,2018,A*,2018,2019,True,False
ACMMM,2018,A*,2018,2019,True,False
ASPLOS,2018,A*,2018,2019,True,False
CAV,2018,A*,2018,2019,True,False
CCS,2018,A*,2018,2019,True,False
CHI,2018,A*,2018,2019,True,False
COLT,2018,A*,2018,2019,True,False
CRYPTO,2018,A*,2018,2019,True,False
CVPR,2018,A*,2018,2019,True,False
DCC,2018,A*,2018,2019,False,True
EC,2018,A*,2018,2019,True,False
EuroCrypt,2018,A*,2018,2019,True,False
FOCS,2018,A*,2018,2019,True,False
FOGA,2018,A*,2018,2019,True,False
FSE,2018,A*,2018,2019,True,False
HPCA,2018,A*,2018,2019,True,False
ICAPS,2018,A*,2018,2019,True,False
ICCV,2018,A*,2018,2019,True,False
ICDE,2018,A*,2018,2019,True,False
ICDM,2018,A*,2018,2019,True,False
ICFP,2018,A*,2018,2019,True,False
ICIS,2018,A*,2018,2019,False,True
ICML,2018,A*,2018,2019,True,False
ICSE,2018,A*,2018,2019,True,False
IEEE InfoVis,2018,A*,2018,2019,False,True
IJCAI,2018,A*,2018,2019,True,False
IJCAR,2018,A*,2018,2019,True,False
INFOCOM,2018,A*,2018,2019,True,False
IPSN,2018,A*,2018,2019,False,True
ISCA,2018,A*,2018,2019,True,False
ISMAR,2018,A*,2018,2019,True,False
ISSAC,2018,A*,2018,2019,False,True
ISWC,2018,A*,2018,2019,True,False
JCDL,2018,A*,2018,2019,False,True
KDD,2018,A*,2018,2019,True,False
KR,2018,A*,2018,2019,True,False
LICS,2018,A*,2018,2019,True,False
MOBICOM,2018,A*,2018,2019,True,False
NDSS,2018,A*,2018,2019,True,False
NeurIPS,2018,A*,2018,2019,True,False
OOPSLA,2018,A*,2018,2019,True,False
OSDI,2018,A*,2018,2019,True,False
PERCOM,2018,A*,2018,2019,True,False
PLDI,2018,A*,2018,2019,True,False
PODC,2018,A*,2018,2019,True,False
PODS,2018,A*,2018,2019,True,False
POPL,2018,A*,2018,2019,True,False
RSS,2018,A*,2018,2019,False,True
RTSS,2018,A*,2018,2019,True,False
SENSYS,2018,A*,2018,2019,False,True
SIGCOMM,2018,A*,2018,2019,True,False
SIGGRAPH,2018,A*,2018,2019,True,False
SIGIR,2018,A*,2018,2019,True,False
SIGMETRICS,2018,A*,2018,2019,True,False
SIGMOD,2018,A*,2018,2019,True,False
SODA,2018,A*,2018,2019,True,False
SOSP,2018,A*,2018,2019,True,False
SP,2018,A*,2018,2019,True,False
STOC,2018,A*,2018,2019,True,False
UAI,2018,A*,2018,2019,True,False
USENIX-Security,2018,A*,2018,2019,True,False
UbiComp,2018,A*,2018,2019,False,True
VLDB,2018,A*,2018,2019,True,False
WSDM,2018,A*,2018,2019,True,False
WWW,2018,A*,2018,2019,True,False
AIED,2020,A,2020,2020,True,False
AISTATS,2020,A,2020,2020,True,False
ALENEX,2020,A,2020,2020,True,False
ALIFE,2020,A,2020,2020,False,True
APPROX/RANDOM,2020,A,2020,2020,True,False
ASE,2020,A,2020,2020,True,False
ASIACRYPT,2020,A,2020,2020,True,False
ATVA,2020,A,2020,2020,False,True
AiML,2020,A,2020,2020,False,True
BPM,2020,A,2020,2020,True,False
CADE,2020,A,2020,2020,True,False
CASES,2020,A,2020,2020,False,True
CC,2020,A,2020,2020,False,True
CCC,2020,A,2020,2020,True,False
CCGRID,2020,A,2020,2020,False,True
CGO,2020,A,2020,2020,True,False
CHES,2020,A,2020,2020,True,False
CIDR,2020,A,2020,2020,True,False
CIKM,2020,A,2020,2020,True,False
CLUSTER,2020,A,2020,2020,False,True
COLING,2020,A,2020,2020,False,True
CONCUR,2020,A,2020,2020,False,True
CP,2020,A,2020,2020,True,False
CSCL,2020,A,2020,2020,False,True
CSCW,2020,A,2020,2020,True,False
CSF,2020,A,2020,2020,True,False
CaiSE,2020,A,2020,2020,True,False
CoNEXT,2020,A,2020,2020,True,False
CoNLL,2020,A,2020,2020,False,True
CogSci,2020,A,2020,2020,False,True
CoopIS,2020,A,2020,2020,False,True
DISC,2020,A,2020,2020,True,False
DSN,2020,A,2020,2020,True,False
EACL,2020,A,2020,2020,True,False
EASE,2020,A,2020,2020,True,False
ECAI,2020,A,2020,2020,True,False
ECCV,2020,A,2020,2020,True,False
ECIR,2020,A,2020,2020,True,False
ECML PKDD,2020,A,2020,2020,True,False
ECOOP,2020,A,2020,2020,True,False
ECRTS,2020,A,2020,2020,False,True
ECSA,2020,A,2020,2020,False,True
EDBT,2020,A,2020,2020,False,True
EMNLP,2020,A,2020,2020,True,False
EMSOFT,2020,A,2020,2020,False,True
ER,2020,A,2020,2020,True,False
ESA,2020,A,2020,2020,True,False
ESEM,2020,A,2020,2020,True,False
ESOP,2020,A,2020,2020,True,False
ESORICS,2020,A,2020,2020,True,False
ESWC,2020,A,2020,2020,False,True
EWSN,2020,A,2020,2020,False,True
EuroPar,2020,A,2020,2020,False,True
EuroSys,2020,A,2020,2020,True,False
FAST,2020,A,2020,2020,True,False
FCCM,2020,A,2020,2020,False,True
FCT,2020,A,2020,2020,False,True
FM,2020,A,2020,2020,False,True
FOIS,2020,A,2020,2020,False,True
FOSSACS,2020,A,2020,2020,False,True
FUZZ-IEEE,2020,A,2020,2020,False,True
GD,2020,A,2020,2020,True,False
GECCO,2020,A,2020,2020,True,False
HOTCHIPS (HCS),2020,A,2020,2020,False,True
HPDC,2020,A,2020,2020,True,False
HotOS,2020,A,2020,2020,True,False
ICALP,2020,A,2020,2020,True,False
ICARCV,2020,A,2020,2020,False,True
ICCAD,2020,A,2020,2020,True,False
ICCCN,2020,A,2020,2020,False,True
ICCS,2020,A,2020,2020,False,True
ICDAR,2020,A,2020,2020,True,False
ICDCS,2020,A,2020,2020,True,False
ICDT,2020,A,2020,2020,True,False
ICECCS,2020,A,2020,2020,False,True
ICLP,2020,A,2020,2020,False,True
ICNP,2020,A,2020,2020,False,True
ICONIP,2020,A,2020,2020,False,True
ICPP,2020,A,2020,2020,False,True
ICS,2020,A,2020,2020,True,False
ICSME,2020,A,2020,2020,True,False
ICSOC,2020,A,2020,2020,True,False
ICSSP,2020,A,2020,2020,False,True
ICST,2020,A,2020,2020,True,False
ICWS,2020,A,2020,2020,True,False
IDA,2020,A,2020,2020,False,True
IEEE Alife,2020,A,2020,2020,False,True
IEEE SSE,2020,A,2020,2020,False,True
IEEE VIS,2020,A,2020,2020,True,False
IJCNN,2020,A,2020,2020,False,True
IMC,2020,A,2020,2020,True,False
IPCO,2020,A,2020,2020,False,True
IPDPS,2020,A,2020,2020,True,False
IROS,2020,A,2020,2020,True,False
ISAAC,2020,A,2020,2020,False,True
ISMB,2020,A,2020,2020,True,False
ISMM,2020,A,2020,2020,False,True
ISRR,2020,A,2020,2020,False,True
ISS,2020,A,2020,2020,False,True
ISSRE,2020,A,2020,2020,True,False
ISSTA,2020,A,2020,2020,True,False
ITCS,2020,A,2020,2020,True,False
ITP,2020,A,2020,2020,False,True
ITS,2020,A,2020,2020,False,True
ITiCSE,2020,A,2020,2020,False,True
IUI,2020,A,2020,2020,True,False
Interact,2020,A,2020,2020,False,True
Interspeech,2020,A,2020,2020,True,False
JELIA,2020,A,2020,2020,False,True
K-CAP,2020,A,2020,2020,False,True
LCN,2020,A,2020,2020,False,True
LCTES,2020,A,2020,2020,False,True
LPAR,2020,A,2020,2020,False,True
LPNMR,2020,A,2020,2020,False,True
MASCOTS,2020,A,2020,2020,False,True
MFCS,2020,A,2020,2020,False,True
MICCAI,2020,A,2020,2020,True,False
MOBIHOC,2020,A,2020,2020,False,True
MODELS,2020,A,2020,2020,True,False
MSR,2020,A,2020,2020,True,False
MSWIM,2020,A,2020,2020,True,False
Middleware,2020,A,2020,2020,True,False
Mobiquitous,2020,A,2020,2020,False,True
NAACL,2020,A,2020,2020,True,False
NCA,2020,A,2020,2020,False,True
NOSSDAV,2020,A,2020,2020,False,True
Networking,2020,A,2020,2020,False,True
PACT,2020,A,2020,2020,False,True
PAKDD,2020,A,2020,2020,False,True
PERFORMANCE,2020,A,2020,2020,False,True
PG,2020,A,2020,2020,False,True
PPSN,2020,A,2020,2020,True,False
PPoPP,2020,A,2020,2020,False,True
RAID,2020,A,2020,2020,True,False
RANDOM,2020,A,2020,2020,False,True
RE,2020,A,2020,2020,True,False
RTAS,2020,A,2020,2020,True,False
SAS,2020,A,2020,2020,False,True
SAT,2020,A,2020,2020,True,False
SC,2020,A,2020,2020,True,False
SCOPES,2020,A,2020,2020,False,True
SDM,2020,A,2020,2020,True,False
SIGCSE,2020,A,2020,2020,True,False
SPAA,2020,A,2020,2020,False,True
SRDS,2020,A,2020,2020,False,True
SSDBM,2020,A,2020,2020,False,True
SSPR,2020,A,2020,2020,False,True
SSTD,2020,A,2020,2020,False,True
STACS,2020,A,2020,2020,True,False
SoCG,2020,A,2020,2020,True,False
TABLEAUX,2020,A,2020,2020,False,True
TACAS,2020,A,2020,2020,True,False
TARK,2020,A,2020,2020,False,True
TCC,2020,A,2020,2020,False,True
TEI,2020,A,2020,2020,False,True
TrustCom,2020,A,2020,2020,False,True
UIST,2020,A,2020,2020,True,False
USENIX,2020,A,2020,2020,True,False
USITS,2020,A,2020,2020,False,True
VEE,2020,A,2020,2020,False,True
VR,2020,A,2020,2020,True,False
VRST,2020,A,2020,2020,False,True
WACV,2020,A,2020,2020,True,False
WG,2020,A,2020,2020,False,True
WISE,2020,A,2020,2020,False,True
WoWMoM,2020,A,2020,2020,False,True
e-Science,2020,A,2020,2020,False,True
AAAI,2020,A*,2020,2020,True,False
AAMAS,2020,A*,2020,2020,True,False
ACL,2020,A*,2020,2020,True,False
ACMMM,2020,A*,2020,2020,True,False
ASPLOS,2020,A*,2020,2020,True,False
CAV,2020,A*,2020,2020,True,False
CCS,2020,A*,2020,2020,True,False
CHI,2020,A*,2020,2020,True,False
COLT,2020,A*,2020,2020,True,False
CRYPTO,2020,A*,2020,2020,True,False
CVPR,2020,A*,2020,2020,True,False
DCC,2020,A*,2020,2020,False,True
EC,2020,A*,2020,2020,True,False
EuroCrypt,2020,A*,2020,2020,True,False
FOCS,2020,A*,2020,2020,True,False
FOGA,2020,A*,2020,2020,True,False
FSE,2020,A*,2020,2020,True,False
HPCA,2020,A*,2020,2020,True,False
ICAPS,2020,A*,2020,2020,True,False
ICCV,2020,A*,2020,2020,True,False
ICDE,2020,A*,2020,2020,True,False
ICDM,2020,A*,2020,2020,True,False
ICFP,2020,A*,2020,2020,True,False
ICML,2020,A*,2020,2020,True,False
ICSE,2020,A*,2020,2020,True,False
IEEE InfoVis,2020,A*,2020,2020,False,True
IJCAI,2020,A*,2020,2020,True,False
IJCAR,2020,A*,2020,2020,True,False
INFOCOM,2020,A*,2020,2020,True,False
IPSN,2020,A*,2020,2020,False,True
ISCA,2020,A*,2020,2020,True,False
ISMAR,2020,A*,2020,2020,True,False
ISSAC,2020,A*,2020,2020,False,True
ISWC,2020,A*,2020,2020,True,False
KDD,2020,A*,2020,2020,True,False
KR,2020,A*,2020,2020,True,False
LICS,2020,A*,2020,2020,True,False
MOBICOM,2020,A*,2020,2020,True,False
NDSS,2020,A*,2020,2020,True,False
NeurIPS,2020,A*,2020,2020,True,False
OOPSLA,2020,A*,2020,2020,True,False
OSDI,2020,A*,2020,2020,True,False
PERCOM,2020,A*,2020,2020,True,False
PLDI,2020,A*,2020,2020,True,False
PODC,2020,A*,2020,2020,True,False
PODS,2020,A*,2020,2020,True,False
POPL,2020,A*,2020,2020,True,False
RTSS,2020,A*,2020,2020,True,False
SENSYS,2020,A*,2020,2020,False,True
SIGCOMM,2020,A*,2020,2020,True,False
SIGGRAPH,2020,A*,2020,2020,True,False
SIGIR,2020,A*,2020,2020,True,False
SIGMETRICS,2020,A*,2020,2020,True,False
SIGMOD,2020,A*,2020,2020,True,False
SODA,2020,A*,2020,2020,True,False
SOSP,2020,A*,2020,2020,True,False
SP,2020,A*,2020,2020,True,False
STOC,2020,A*,2020,2020,True,False
UAI,2020,A*,2020,2020,True,False
USENIX-Security,2020,A*,2020,2020,True,False
VLDB,2020,A*,2020,2020,True,False
WSDM,2020,A*,2020,2020,True,False
WWW,2020,A*,2020,2020,True,False
AIED,2021,A,2021,2022,True,False
AISTATS,2021,A,2021,2022,True,False
ALENEX,2021,A,2021,2022,True,False
APPROX/RANDOM,2021,A,2021,2022,True,False
ASIACRYPT,2021,A,2021,2022,True,False
ASSETS,2021,A,2021,2022,True,False
AsiaCCS,2021,A,2021,2022,True,False
BPM,2021,A,2021,2022,True,False
CADE,2021,A,2021,2022,True,False
CCC,2021,A,2021,2022,True,False
CCGRID,2021,A,2021,2022,False,True
CGO,2021,A,2021,2022,True,False
CHES,2021,A,2021,2022,True,False
CIDR,2021,A,2021,2022,True,False
CIKM,2021,A,2021,2022,True,False
CLUSTER,2021,A,2021,2022,False,True
COLING,2021,A,2021,2022,False,True
CONCUR,2021,A,2021,2022,False,True
CP,2021,A,2021,2022,True,False
CSCW,2021,A,2021,2022,True,False
CSF,2021,A,2021,2022,True,False
CaiSE,2021,A,2021,2022,True,False
CoNEXT,2021,A,2021,2022,True,False
CoNLL,2021,A,2021,2022,False,True
CogSci,2021,A,2021,2022,False,True
DIS,2021,A,2021,2022,True,False
DISC,2021,A,2021,2022,True,False
DSAA,2021,A,2021,2022,False,True
DSN,2021,A,2021,2022,True,False
EACL,2021,A,2021,2022,True,False
EASE,2021,A,2021,2022,True,False
ECAI,2021,A,2021,2022,True,False
ECIR,2021,A,2021,2022,True,False
ECML PKDD,2021,A,2021,2022,True,False
ECOOP,2021,A,2021,2022,True,False
ECRTS,2021,A,2021,2022,False,True
ECSA,2021,A,2021,2022,False,True
EDBT,2021,A,2021,2022,False,True
EMNLP,2021,A,2021,2022,True,False
ER,2021,A,2021,2022,True,False
ESA,2021,A,2021,2022,True,False
ESEM,2021,A,2021,2022,True,False
ESOP,2021,A,2021,2022,True,False
ESORICS,2021,A,2021,2022,True,False
ESWC,2021,A,2021,2022,False,True
EuroSys,2021,A,2021,2022,True,False
FAST,2021,A,2021,2022,True,False
FC,2021,A,2021,2022,True,False
FM,2021,A,2021,2022,False,True
FOGA,2021,A,2021,2022,True,False
FOSSACS,2021,A,2021,2022,False,True
GD,2021,A,2021,2022,True,False
GECCO,2021,A,2021,2022,True,False
HPDC,2021,A,2021,2022,True,False
HotOS,2021,A,2021,2022,True,False
ICALP,2021,A,2021,2022,True,False
ICCAD,2021,A,2021,2022,True,False
ICCS,2021,A,2021,2022,False,True
ICDAR,2021,A,2021,2022,True,False
ICDCS,2021,A,2021,2022,True,False
ICDT,2021,A,2021,2022,True,False
ICFP,2021,A,2021,2022,True,False
ICLP,2021,A,2021,2022,False,True
ICME,2021,A,2021,2022,True,False
ICNP,2021,A,2021,2022,False,True
ICPC,2021,A,2021,2022,True,False
ICPP,2021,A,2021,2022,False,True
ICS,2021,A,2021,2022,True,False
ICSA,2021,A,2021,2022,True,False
ICSME,2021,A,2021,2022,True,False
ICSOC,2021,A,2021,2022,True,False
ICST,2021,A,2021,2022,True,False
ICWS,2021,A,2021,2022,True,False
IEEE VIS,2021,A,2021,2022,True,False
IJCAR,2021,A,2021,2022,True,False
IMC,2021,A,2021,2022,True,False
IPCO,2021,A,2021,2022,False,True
IPDPS,2021,A,2021,2022,True,False
IROS,2021,A,2021,2022,True,False
ISAAC,2021,A,2021,2022,False,True
ISRR,2021,A,2021,2022,False,True
ISSAC,2021,A,2021,2022,False,True
ISSRE,2021,A,2021,2022,True,False
ISSTA,2021,A,2021,2022,True,False
ISWC,2021,A,2021,2022,True,False
ITCS,2021,A,2021,2022,True,False
ITP,2021,A,2021,2022,False,True
ITiCSE,2021,A,2021,2022,False,True
IUI,2021,A,2021,2022,True,False
Interspeech,2021,A,2021,2022,True,False
JELIA,2021,A,2021,2022,False,True
LAK,2021,A,2021,2022,True,False
LPAR,2021,A,2021,2022,False,True
MFCS,2021,A,2021,2022,False,True
MICCAI,2021,A,2021,2022,True,False
MOBIHOC,2021,A,2021,2022,False,True
MODELS,2021,A,2021,2022,True,False
MSR,2021,A,2021,2022,True,False
MSWIM,2021,A,2021,2022,True,False
Middleware,2021,A,2021,2022,True,False
NAACL,2021,A,2021,2022,True,False
OOPSLA,2021,A,2021,2022,True,False
PAKDD,2021,A,2021,2022,False,True
PETS,2021,A,2021,2022,True,False
PPSN,2021,A,2021,2022,True,False
PPoPP,2021,A,2021,2022,False,True
RAID,2021,A,2021,2022,True,False
RANDOM,2021,A,2021,2022,False,True
RE,2021,A,2021,2022,True,False
RTAS,2021,A,2021,2022,True,False
RecSys,2021,A,2021,2022,True,False
SANER,2021,A,2021,2022,True,False
SAT,2021,A,2021,2022,True,False
SC,2021,A,2021,2022,True,False
SDM,2021,A,2021,2022,True,False
SEAMS,2021,A,2021,2022,True,False
SIGCSE,2021,A,2021,2022,True,False
SIGSPATIAL,2021,A,2021,2022,True,False
SPAA,2021,A,2021,2022,False,True
STACS,2021,A,2021,2022,True,False
SoCG,2021,A,2021,2022,True,False
TACAS,2021,A,2021,2022,True,False
TARK,2021,A,2021,2022,False,True
TCC,2021,A,2021,2022,False,True
TEI,2021,A,2021,2022,False,True
UAI,2021,A,2021,2022,True,False
USENIX,2021,A,2021,2022,True,False
VRST,2021,A,2021,2022,False,True
WACV,2021,A,2021,2022,True,False
WG,2021,A,2021,2022,False,True
AAAI,2021,A*,2021,2022,True,False
AAMAS,2021,A*,2021,2022,True,False
ACL,2021,A*,2021,2022,True,False
ACMMM,2021,A*,2021,2022,True,False
ASE,2021,A*,2021,2022,True,False
ASPLOS,2021,A*,2021,2022,True,False
CAV,2021,A*,2021,2022,True,False
CCS,2021,A*,2021,2022,True,False
CHI,2021,A*,2021,2022,True,False
COLT,2021,A*,2021,2022,True,False
CRYPTO,2021,A*,2021,2022,True,False
CVPR,2021,A*,2021,2022,True,False
EC,2021,A*,2021,2022,True,False
ECCV,2021,A*,2021,2022,True,False
EuroCrypt,2021,A*,2021,2022,True,False
FOCS,2021,A*,2021,2022,True,False
FSE,2021,A*,2021,2022,True,False
HPCA,2021,A*,2021,2022,True,False
ICAPS,2021,A*,2021,2022,True,False
ICCV,2021,A*,2021,2022,True,False
ICDE,2021,A*,2021,2022,True,False
ICDM,2021,A*,2021,2022,True,False
ICLR,2021,A*,2021,2022,True,False
ICML,2021,A*,2021,2022,True,False
ICSE,2021,A*,2021,2022,True,False
IJCAI,2021,A*,2021,2022,True,False
INFOCOM,2021,A*,2021,2022,True,False
IPSN,2021,A*,2021,2022,False,True
ISCA,2021,A*,2021,2022,True,False
ISMAR,2021,A*,2021,2022,True,False
KDD,2021,A*,2021,2022,True,False
KR,2021,A*,2021,2022,True,False
LICS,2021,A*,2021,2022,True,False
MOBICOM,2021,A*,2021,2022,True,False
NDSS,2021,A*,2021,2022,True,False
NeurIPS,2021,A*,2021,2022,True,False
OSDI,2021,A*,2021,2022,True,False
PERCOM,2021,A*,2021,2022,True,False
PLDI,2021,A*,2021,2022,True,False
PODC,2021,A*,2021,2022,True,False
PODS,2021,A*,2021,2022,True,False
POPL,2021,A*,2021,2022,True,False
RTSS,2021,A*,2021,2022,True,False
SENSYS,2021,A*,2021,2022,False,True
SIGCOMM,2021,A*,2021,2022,True,False
SIGGRAPH,2021,A*,2021,2022,True,False
SIGIR,2021,A*,2021,2022,True,False
SIGMETRICS,2021,A*,2021,2022,True,False
SIGMOD,2021,A*,2021,2022,True,False
SODA,2021,A*,2021,2022,True,False
SOSP,2021,A*,2021,2022,True,False
SP,2021,A*,2021,2022,True,False
STOC,2021,A*,2021,2022,True,False
UIST,2021,A*,2021,2022,True,False
USENIX-Security,2021,A*,2021,2022,True,False
VLDB,2021,A*,2021,2022,True,False
VR,2021,A*,2021,2022,True,False
WSDM,2021,A*,2021,2022,True,False
WWW,2021,A*,2021,2022,True,False
ACSAC,2023,A,2023,2025,True,False
AIED,2023,A,2023,2025,True,False
AISTATS,2023,A,2023,2025,True,False
ALENEX,2023,A,2023,2025,True,False
APPROX/RANDOM,2023,A,2023,2025,True,False
ASIACRYPT,2023,A,2023,2025,True,False
ASSETS,2023,A,2023,2025,True,False
AsiaCCS,2023,A,2023,2025,True,False
BMVC,2023,A,2023,2025,True,False
BPM,2023,A,2023,2025,True,False
CADE,2023,A,2023,2025,True,False
CCC,2023,A,2023,2025,True,False
CGO,2023,A,2023,2025,True,False
CHES,2023,A,2023,2025,True,False
CIDR,2023,A,2023,2025,True,False
CIKM,2023,A,2023,2025,True,False
CONCUR,2023,A,2023,2025,False,True
CP,2023,A,2023,2025,True,False
CSCW,2023,A,2023,2025,True,False
CSF,2023,A,2023,2025,True,False
CaiSE,2023,A,2023,2025,True,False
CoNEXT,2023,A,2023,2025,True,False
DIS,2023,A,2023,2025,True,False
DISC,2023,A,2023,2025,True,False
DSN,2023,A,2023,2025,True,False
EACL,2023,A,2023,2025,True,False
EASE,2023,A,2023,2025,True,False
ECAI,2023,A,2023,2025,True,False
ECIR,2023,A,2023,2025,True,False
ECML PKDD,2023,A,2023,2025,True,False
ECOOP,2023,A,2023,2025,True,False
ECSA,2023,A,2023,2025,False,True
EDBT,2023,A,2023,2025,False,True
ER,2023,A,2023,2025,True,False
ESA,2023,A,2023,2025,True,False
ESEM,2023,A,2023,2025,True,False
ESOP,2023,A,2023,2025,True,False
ESORICS,2023,A,2023,2025,True,False
EuroS&P,2023,A,2023,2025,True,False
EuroSys,2023,A,2023,2025,True,False
FAST,2023,A,2023,2025,True,False
FC,2023,A,2023,2025,True,False
FM,2023,A,2023,2025,False,True
FOGA,2023,A,2023,2025,True,False
FOSSACS,2023,A,2023,2025,False,True
GD,2023,A,2023,2025,True,False
GECCO,2023,A,2023,2025,True,False
HPDC,2023,A,2023,2025,True,False
HRI,2023,A,2023,2025,True,False
HotOS,2023,A,2023,2025,True,False
ICALP,2023,A,2023,2025,True,False
ICCAD,2023,A,2023,2025,True,False
ICDAR,2023,A,2023,2025,True,False
ICDCS,2023,A,2023,2025,True,False
ICDT,2023,A,2023,2025,True,False
ICER,2023,A,2023,2025,True,False
ICFP,2023,A,2023,2025,True,False
ICLP,2023,A,2023,2025,False,True
ICME,2023,A,2023,2025,True,False
ICPC,2023,A,2023,2025,True,False
ICS,2023,A,2023,2025,True,False
ICSA,2023,A,2023,2025,True,False
ICSME,2023,A,2023,2025,True,False
ICSOC,2023,A,2023,2025,True,False
ICST,2023,A,2023,2025,True,False
ICWS,2023,A,2023,2025,True,False
ICWSM,2023,A,2023,2025,True,False
IEEE VIS,2023,A,2023,2025,True,False
IJCAR,2023,A,2023,2025,True,False
IMC,2023,A,2023,2025,True,False
IPCO,2023,A,2023,2025,False,True
IPDPS,2023,A,2023,2025,True,False
IROS,2023,A,2023,2025,True,False
ISAAC,2023,A,2023,2025,False,True
ISSAC,2023,A,2023,2025,False,True
ISSRE,2023,A,2023,2025,True,False
ISSTA,2023,A,2023,2025,True,False
ISWC,2023,A,2023,2025,True,False
ITCS,2023,A,2023,2025,True,False
ITP,2023,A,2023,2025,False,True
IUI,2023,A,2023,2025,True,False
Interspeech,2023,A,2023,2025,True,False
JELIA,2023,A,2023,2025,False,True
LAK,2023,A,2023,2025,True,False
MFCS,2023,A,2023,2025,False,True
MICCAI,2023,A,2023,2025,True,False
MOBIHOC,2023,A,2023,2025,False,True
MODELS,2023,A,2023,2025,True,False
MSR,2023,A,2023,2025,True,False
MSWIM,2023,A,2023,2025,True,False
Middleware,2023,A,2023,2025,True,False
Mobisys,2023,A,2023,2025,True,False
NAACL,2023,A,2023,2025,True,False
OOPSLA,2023,A,2023,2025,True,False
PETS,2023,A,2023,2025,True,False
PPSN,2023,A,2023,2025,True,False
RAID,2023,A,2023,2025,True,False
RE,2023,A,2023,2025,True,False
RTAS,2023,A,2023,2025,True,False
RecSys,2023,A,2023,2025,True,False
SANER,2023,A,2023,2025,True,False
SAT,2023,A,2023,2025,True,False
SC,2023,A,2023,2025,True,False
SDM,2023,A,2023,2025,True,False
SEAMS,2023,A,2023,2025,True,False
SIGCSE,2023,A,2023,2025,True,False
SIGSPATIAL,2023,A,2023,2025,True,False
STACS,2023,A,2023,2025,True,False
SoCG,2023,A,2023,2025,True,False
TACAS,2023,A,2023,2025,True,False
TARK,2023,A,2023,2025,False,True
TCC,2023,A,2023,2025,False,True
UAI,2023,A,2023,2025,True,False
USENIX,2023,A,2023,2025,True,False
VRST,2023,A,2023,2025,False,True
WACV,2023,A,2023,2025,True,False
WSDM,2023,A,2023,2025,True,False
AAAI,2023,A*,2023,2025,True,False
AAMAS,2023,A*,2023,2025,True,False
ACL,2023,A*,2023,2025,True,False
ACMMM,2023,A*,2023,2025,True,False
ASE,2023,A*,2023,2025,True,False
ASPLOS,2023,A*,2023,2025,True,False
CAV,2023,A*,2023,2025,True,False
CCS,2023,A*,2023,2025,True,False
CHI,2023,A*,2023,2025,True,False
COLT,2023,A*,2023,2025,True,False
CRYPTO,2023,A*,2023,2025,True,False
CVPR,2023,A*,2023,2025,True,False
EC,2023,A*,2023,2025,True,False
ECCV,2023,A*,2023,2025,True,False
EMNLP,2023,A*,2023,2025,True,False
EuroCrypt,2023,A*,2023,2025,True,False
FOCS,2023,A*,2023,2025,True,False
FSE,2023,A*,2023,2025,True,False
HPCA,2023,A*,2023,2025,True,False
ICAPS,2023,A*,2023,2025,True,False
ICCV,2023,A*,2023,2025,True,False
ICDE,2023,A*,2023,2025,True,False
ICDM,2023,A*,2023,2025,True,False
ICLR,2023,A*,2023,2025,True,False
ICML,2023,A*,2023,2025,True,False
ICRA,2023,A*,2023,2025,True,False
ICSE,2023,A*,2023,2025,True,False
IJCAI,2023,A*,2023,2025,True,False
INFOCOM,2023,A*,2023,2025,True,False
IPSN,2023,A*,2023,2025,False,True
ISCA,2023,A*,2023,2025,True,False
ISMAR,2023,A*,2023,2025,True,False
KDD,2023,A*,2023,2025,True,False
KR,2023,A*,2023,2025,True,False
LICS,2023,A*,2023,2025,True,False
MOBICOM,2023,A*,2023,2025,True,False
NDSS,2023,A*,2023,2025,True,False
NeurIPS,2023,A*,2023,2025,True,False
OSDI,2023,A*,2023,2025,True,False
PERCOM,2023,A*,2023,2025,True,False
PLDI,2023,A*,2023,2025,True,False
PODC,2023,A*,2023,2025,True,False
PODS,2023,A*,2023,2025,True,False
POPL,2023,A*,2023,2025,True,False
RTSS,2023,A*,2023,2025,True,False
SENSYS,2023,A*,2023,2025,False,True
SIGCOMM,2023,A*,2023,2025,True,False
SIGGRAPH,2023,A*,2023,2025,True,False
SIGIR,2023,A*,2023,2025,True,False
SIGMETRICS,2023,A*,2023,2025,True,False
SIGMOD,2023,A*,2023,2025,True,False
SODA,2023,A*,2023,2025,True,False
SOSP,2023,A*,2023,2025,True,False
SP,2023,A*,2023,2025,True,False
STOC,2023,A*,2023,2025,True,False
UIST,2023,A*,2023,2025,True,False
USENIX-Security,2023,A*,2023,2025,True,False
VLDB,2023,A*,2023,2025,True,False
VR,2023,A*,2023,2025,True,False
WWW,2023,A*,2023,2025,True,False
